"COUNTY","FullAddress","Month","Date","Year","lon","lat"
"AUTAUGA ","168 WEST PATRICK STREET  , PRATTVILLE , AL","4","29","2009",-86.458452,32.452427
"AUTAUGA ","487 WEST PINECREST STREET  , PRATTVILLE , AL","4","30","2009",-86.457508,32.463491
"AUTAUGA ","910 EAST FAIRVIEW AVENUE 910 , PRATTVILLE , AL","5","12","2009",-86.43958,32.477329
"AUTAUGA ","1829  COUNTRY 107 ROAD  , PRATTVILLE , AL","6","23","2010",-86.460256,32.573078
"BALDWIN ","15877 WEST PINE GROVE ROAD UNIT 6 , BAY MINETTE , AL","8","3","2011",-87.753075,30.815217
"BALDWIN ","500 GRANT ST D213 , DAPHNE , AL","12","28","2004",-87.910831,30.646435
"BALDWIN ","126 COUNTY ROAD 20 W 206 , FOLEY , AL","8","27","2004",-87.705948,30.370228
"BALDWIN ","15820 BEASLEY ROAD , FOLEY , AL","7","4","2008",-87.754036,30.413992
"BALDWIN ","15326  SHERMAN LANE  , FOLEY , AL","4","2","2013",-87.760007,30.365496
"BALDWIN ","2151 MEEKER LN , GULF SHORES , AL","10","14","2004",-87.753447,30.255178
"BALDWIN ","336a EAST 3RD ST A , GULF SHORES , AL","4","22","2005",-87.772026,30.885289
"BALDWIN ","216 EAST 24TH AVENUE 11  , GULF SHORES , AL","12","24","2011",-87.685555,30.27796
"BALDWIN ","9525 COUNTY 91 RD , LILLIAN , AL","5","12","2004",-87.480609,30.362492
"BALDWIN ","56631 SPLINTER HILL RD , PERDIDO , AL","5","4","2004",-87.662396,31.050192
"BALDWIN ","22031  COUNTY 87 ROAD 3 , ROBERTSDALE , AL","1","21","2012",-87.581748,30.546341
"BALDWIN ","19815 SEMINOLE DR , SEMINOLE , AL","5","13","2004",-87.476932,30.513869
"BALDWIN ","9700 HELTON RD , STOCKTON , AL","4","12","2004",-87.85805,30.99379
"BALDWIN ","17761 COUNTY ROAD 28 RD C , SUMMERDALE , AL","12","1","2004",-87.725717,30.457974
"BIBB ","386  CAMILLIA LANE  , WEST BLOCTON , AL","4","6","2010",-87.124555,33.119502
"BLOUNT ","55  HIGHLAND AVENUE  , ALLGOOD , AL","6","5","2010",-86.992588,33.431164
"BLOUNT ","135  BLACKBERRY LANE  , CLEVELAND , AL","5","27","2010",-86.590495,33.993248
"BLOUNT ","363  OLD WALKER ROAD  , CLEVELAND , AL","6","4","2010",-86.621797,33.963254
"BLOUNT ","590 SHIPP RD , HAYDEN , AL","7","24","2004",-86.925602,33.825897
"BLOUNT ","911 ELVESTER RD , HAYDEN , AL","2","10","2005",-86.745469,33.953352
"BLOUNT ","830  MORTON ROAD  , ONEONTA , AL","6","29","2010",-86.40509,33.926834
"BLOUNT ","23 SMITH MILL RD LOT 4 , TRAFFORD , AL","4","7","2005",-86.720047,33.821409
"CALHOUN ","4250 US 431 HWY , ANNISTON , AL","2","10","2004",-85.823477,33.694096
"CALHOUN ","440 WILLINGHAM DR , ANNISTON , AL","4","25","2004",-85.902134,33.647486
"CALHOUN ","4620 SPRAUGE AVE LOT 2 , ANNISTON , AL","7","19","2004",-85.831606,33.613579
"CALHOUN ","1001 BYNUM LEATHERWOOD RD , ANNISTON , AL","9","1","2004",-85.902962,33.653458
"CALHOUN ","207 BRENDA RD , ANNISTON , AL","9","30","2004",-85.825146,33.705367
"CALHOUN ","176 MARION DR , ANNISTON , AL","10","5","2004",-85.861296,33.690057
"CALHOUN ","2130 WOODLAND AVE , ANNISTON , AL","11","9","2004",-85.815843,33.672427
"CALHOUN ","116 29TH W ST , ANNISTON , AL","5","6","2005",-85.831288,33.68275
"CALHOUN ","2325 NOBLE ST , ANNISTON , AL","5","6","2005",-85.829761,33.674565
"CALHOUN ","169 WOODMIST LN , ANNISTON , AL","5","19","2005",-85.879642,33.64916
"CALHOUN ","101 54TH ST. E ST LOT #10 , ANNISTON , AL","6","3","2005",1.5,44.5
"CALHOUN ","148 CHELSI LANE , ANNISTON , AL","3","10","2006",-85.898342,33.644891
"CALHOUN ","807 BANCROFT , ANNISTON , AL","3","21","2006",-85.85598,33.654793
"CALHOUN ","704 MOUNTAIN DRIVE , ANNISTON , AL","3","5","2008",-85.80594,33.731229
"CALHOUN ","4500 SPRAGUE AVENUE 82 , ANNISTON , AL","3","7","2008",-85.828613,33.703328
"CALHOUN ","2910 DEMPSEY AVENUE , ANNISTON , AL","11","17","2008",-85.870566,33.650721
"CALHOUN ","792  JAMBACK ROAD  , ANNISTON , AL","5","14","2010",-85.733503,33.631707
"CALHOUN ","4726  OLD BIRMINGHAM HWY, ANNISTON , AL","6","16","2010",-85.900671,33.636318
"CALHOUN ","2445 DEARMANVILLE RD C-4 , DE ARMANVILLE , AL","7","8","2004",-85.728928,33.644073
"CALHOUN ","1520 CHURCH SE ST LOT 6 , JACKSONVILLE , AL","5","27","2004",-85.76135,33.81371
"CALHOUN ","69 ROBERTS CHAPEL RD , JACKSONVILLE , AL","1","3","2006",-85.76135,33.81371
"CALHOUN ","8934 MUDD ST , OHATCHEE , AL","1","27","2004",-86.045909,33.723766
"CALHOUN ","1050 GILBERTS FERRY ROAD , OHATCHEE , AL","9","17","2008",-85.966355,33.877918
"CALHOUN ","415 MCPHERSON AVE , OXFORD , AL","3","25","2004",-85.83496,33.61427
"CALHOUN ","2218 MILLER ST , OXFORD , AL","5","23","2004",-85.83496,33.61427
"CALHOUN ","50  SHORT STREET 4 , OXFORD , AL","5","10","2010",-85.83496,33.61427
"CALHOUN ","1909  FRIENDSHIP ROAD  , OXFORD , AL","6","21","2010",-85.83496,33.61427
"CALHOUN ","600  MCPHERSON STREET 6 , OXFORD , AL","7","5","2010",-85.83496,33.61427
"CALHOUN ","705 TIMBERWAY , WEAVER , AL","2","5","2004",-85.819292,33.753426
"CHAMBERS ","1423 COUNTY ROAD 102 RD , LAFAYETTE , AL","4","27","2004",-85.404794,32.884799
"CHAMBERS ","2314 BROAD AVE , LANETT , AL","7","6","2004",-85.187452,32.849624
"CHAMBERS ","1110 MYHAND STREET , VALLEY , AL","7","9","2006",-85.146361,32.787312
"CHAMBERS ","103 EAST SEARS STREET  , VALLEY , AL","1","6","2010",-85.191331,32.790459
"CHAMBERS ","103 EAST SEARS STREET  , VALLEY , AL","1","6","2010",-85.191331,32.790459
"CHAMBERS ","2155  COUNTRY RD 388 , VALLEY , AL","1","13","2010",-85.221759,32.75909
"CHAMBERS ","2155  COUNTRY RD 388 , VALLEY , AL","1","13","2010",-85.221759,32.75909
"CHAMBERS ","2155  COUNTY ROAD 388  LOT #3 , VALLEY , AL","6","2","2010",1.5,44.5
"CHEROKEE ","215 CO RD 610 , CEDAR BLUFF , AL","1","8","2008",-85.512673,34.216698
"CHEROKEE ","3925 BOUNDARY AVENUE , CEDAR BLUFF , AL","8","11","2008",-85.599817,34.225112
"CHEROKEE ","610  COUNTY 104 ROAD  , CEDAR BLUFF , AL","7","13","2010",-85.640298,34.245137
"CHEROKEE ","412 RIVER S , CENTRE , AL","2","18","2004",-85.677904,34.158952
"CHEROKEE ","303 WILLIAMS ST , CENTRE , AL","4","9","2004",-85.656698,34.149203
"CHEROKEE ","107 AUBURN ST , CENTRE , AL","1","8","2006",-85.694979,34.156
"CHEROKEE ","327 RAY STREET , CENTRE , AL","5","24","2006",-85.673026,34.162775
"CHEROKEE ","1017 1ST AVENUE , CENTRE , AL","7","11","2006",-85.682298,34.152184
"CHEROKEE ","130 COUNTY ROAD 557 , CENTRE , AL","12","15","2006",-85.588013,34.143422
"CHEROKEE ","2010 CO RD 65 , CENTRE , AL","2","6","2008",-85.654166,34.175364
"CHEROKEE ","14495 CO RD 22 , CENTRE , AL","8","26","2008",-85.481299,34.165912
"CHEROKEE ","450 CO RD 470 , CENTRE , AL","9","17","2008",-85.558203,34.147692
"CHEROKEE ","441 US HWY 68 B , COLLINSVILLE , AL","9","10","2008",-85.862963,34.265125
"CHEROKEE ","400 COUNTY ROAD 114 , GAYLESVILLE , AL","9","1","2006",-85.620627,34.317962
"CHEROKEE ","265 C/R 563 , GAYLESVILLE , AL","3","30","2008",-85.589559,34.304271
"CHEROKEE ","2603 CO RD 41 , GAYLESVILLE , AL","4","19","2008",-85.595293,34.298885
"CHEROKEE ","2135 COUNTY ROAD 166 , LEESBURG , AL","12","11","2006",-85.747443,34.229755
"CHEROKEE ","145 CO RD 452 , LEESBURG , AL","2","7","2008",-85.812086,34.154568
"CHEROKEE ","145 CO RD 594 , LEESBURG , AL","7","9","2008",-85.716528,34.2203
"CHEROKEE ","775 C.R. 17 , LEESBURG , AL","7","18","2008",-85.790203,34.220098
"CHEROKEE ","400  COUNTY ROAD 915, LEESBURG , AL","6","6","2009",-85.710765,34.209591
"CHEROKEE ","140  AGAN CIRCLE  , LEESBURG , AL","4","28","2010",-85.759161,34.197074
"CHEROKEE ","77 C/R 27 , PIEDMONT , AL","3","4","2008",-85.557607,33.963285
"CHEROKEE ","2060  COUNTY ROAD 111, PIEDMONT , AL","6","11","2009",-85.520717,33.983486
"CHEROKEE ","1331  COUNTY ROAD 19, PIEDMONT , AL","4","1","2010",-85.71129,33.988368
"CHILTON ","CO RD 824  20 , CLANTON , AL","5","29","2009",-86.510913,32.853384
"CHILTON ","POPLAR SPRINGS ROAD 1322 , CLANTON , AL","5","30","2009",-86.609466,32.819455
"CHILTON ","824  COUNTRY ROAD  20 , CLANTON , AL","4","16","2010",-86.629395,33.914982
"CHILTON ","996  COUNTY ROAD 182, CLANTON , AL","5","12","2010",-86.589477,33.022343
"CHILTON ","4659 HIGHWAY 191 , JEMISON , AL","2","11","2005",-86.799881,32.919913
"CHILTON ","161 CO. RD. 781 , JEMISON , AL","8","3","2005",-86.850494,32.92293
"CHILTON ","  COUNTY ROAD 42  127771 , JEMISON , AL","1","5","2010",-86.833548,32.93768
"CHILTON ","  COUNTY ROAD 42  127771 , JEMISON , AL","1","5","2010",-86.833548,32.93768
"CHILTON ","2539  COUNTY 25 ROAD  , JEMISON , AL","7","12","2011",-86.774958,32.965666
"CHILTON ","615  COUNTY 50 ROAD  , JEMISON , AL","7","12","2011",-86.845853,32.94334
"CHILTON ","607  CO RD 1049, MAPLESVILLE , AL","5","8","2009",-87.777293,32.818017
"CHILTON ","769  CO RD 530, VERBENA , AL","6","15","2009",-86.459862,32.734267
"CHOCTAW ","84 PARADISE RD , LISMAN , AL","11","9","2004",-88.282276,32.206793
"CLARKE ","641 RURAL ROAD , CLARKE , AL","2","18","2008",-87.57668,33.91455
"CLARKE ","302 DUBASE LANE , JACKSON , AL","1","15","2004",-85.9993,34.77941
"CLEBURNE ","5598 US E HWY 78 , HEFLIN , AL","3","5","2004",-85.580034,33.654725
"CLEBURNE ","1701 ALMON STREET 11 , HEFLIN , AL","10","7","2006",-85.595004,33.627197
"CLEBURNE ","1624 CO RD 10 1 , HEFLIN , AL","10","28","2008",-85.565181,33.495266
"CLEBURNE ","2608 CO RD 10 , HEFLIN , AL","10","28","2008",-85.547047,33.495961
"CLEBURNE ","5904 CO RD 19 , HEFLIN , AL","11","14","2008",-85.541297,33.49763
"CLEBURNE ","701 COUNTY ROAD 485 RD , MUSCADINE , AL","6","16","2004",-85.358277,33.701594
"COFFEE ","112 348 COUNTY ROAD , BRANTLEY , AL","6","2","2004",-86.971613,32.357474
"COFFEE ","6535 COUNTY ROAD 105 , BRUNDIDGE , AL","5","10","2006",-85.833233,31.591488
"COFFEE ","1907 COUNTY RD 228 RD , ELBA , AL","2","26","2004",-85.987453,31.470707
"COFFEE ","11010 STATE HWY 125 , ELBA , AL","5","17","2005",-85.954635,31.523165
"COFFEE ","681 COUNTY ROAD 401 , ELBA , AL","2","10","2006",-86.054808,31.390802
"COFFEE ","445 FOREST HILLS DRIVE , ELBA , AL","3","13","2006",-86.05596,31.414081
"COFFEE ","681 CO RD 401 , ELBA , AL","5","3","2006",-86.054808,31.390802
"COFFEE ","1591 PARK E AVE 114 , ENTERPRISE , AL","5","29","2004",-85.820974,31.305598
"COFFEE ","8543 COUNTY ROAD 636 , ENTERPRISE , AL","8","24","2004",-85.896734,31.260263
"COFFEE ","845 COUNTY ROAD 606 , ENTERPRISE , AL","2","11","2005",-85.976645,31.27971
"COFFEE ","442 PAUL ST , ENTERPRISE , AL","5","13","2005",-85.823507,31.300796
"COFFEE ","300 RAVEN STREET , ENTERPRISE , AL","5","15","2006",-85.860582,31.349165
"COFFEE ","587  CO RD 716, ENTERPRISE , AL","6","27","2009",-85.88105,31.258028
"COFFEE ","1141 COUNTY ROAD 201 , JACK , AL","3","21","2006",-86.00023,31.57405
"COFFEE ","242 RICHARDSON ST , KINSTON , AL","1","7","2004",-86.170277,31.223277
"COFFEE ","171 PEACHTREE ST , KINSTON , AL","2","27","2004",-86.171009,31.217899
"COFFEE ","197 COUNTY ROAD 5 RD , KINSTON , AL","7","12","2004",-86.111203,31.114552
"COFFEE ","7545 HWY 189 S , KINSTON , AL","1","18","2006",-86.133876,31.324392
"COFFEE ","201 JOHNS S ST , NEW BROCKTON , AL","5","27","2004",-86.158801,33.983055
"COFFEE ","16485 HWY 167 NORTH , NEW BROCKTON , AL","1","3","2006",-85.734698,34.136703
"COFFEE ","1155 COUNTY ROAD 615 , NEW BROCKTON , AL","5","31","2006",-85.674416,34.153449
"COFFEE ","221 COUNTY RD , SAMSON , AL","4","7","2004",-87.125482,31.242402
"COFFEE ","33844 NORTH 87 HIGHWAY  , TROY , AL","6","10","2009",-85.98913,31.613306
"COLBERT ","3035 ALLSBORO ROAD , CHEROKEE , AL","4","14","2006",-88.109613,34.697402
"COLBERT ","437 MCCORMACK LN B , LEIGHTON , AL","2","24","2004",-87.52892,34.70092
"COLBERT ","503  PILGRAM AVENUE  , MUSCLE SHOALS , AL","7","15","2010",-87.670282,34.753599
"COLBERT ","1675 ELM LANE , RUSSELLVILLE , AL","1","14","2008",-87.676658,34.593572
"COLBERT ","4305 SOUTH NATHAN BOULEVARD  , SHEFFIELD , AL","1","19","2010",-87.69864,34.76509
"COLBERT ","4305 SOUTH NATHAN BOULEVARD  , SHEFFIELD , AL","1","19","2010",-87.69864,34.76509
"COLBERT ","2090  SPRING VALLEY ROAD  , TUSCUMBIA , AL","5","8","2010",-87.625889,34.656799
"COLBERT ","804  KING AVENUE  , TUSCUMBIA , AL","5","11","2010",-87.683554,34.739011
"CONECUH ","923 LAKEVIEW DR , REPTON , AL","11","7","2004",-86.456527,31.313508
"COOSA ","2270 LITTLE TOM ROAD , CLANTON , AL","7","8","2008",-86.478761,32.977983
"COOSA ","615 COOK ROAD , EQUALITY , AL","5","26","2008",-86.484431,32.453113
"COOSA ","202 CO RD 77 R , GOODWATER , AL","6","3","2008",-86.03653,32.991686
"COVINGTON ","23591 HARMONY CHURCH RD , ANDALUSIA , AL","6","7","2004",-86.380231,31.382289
"COVINGTON ","301 PUGH ST , ANDALUSIA , AL","12","15","2004",-86.488084,31.313868
"COVINGTON ","31979 HWY 29 NORTH , DOZIER , AL","2","22","2006",-86.467146,31.433624
"COVINGTON ","792 FIR ST , FLORALA , AL","4","13","2004",-86.311971,31.001046
"COVINGTON ","25488 5TH AVE , FLORALA , AL","6","1","2004",-86.294526,30.995652
"COVINGTON ","1602 4TH ST , FLORALA , AL","2","22","2005",-86.333278,30.998666
"COVINGTON ","25294 5TH AVENUE , FLORALA , AL","5","9","2006",-86.296238,30.996135
"COVINGTON ","2010 WEST 7TH AVENUE , FLORALA , AL","5","31","2006",-86.333503,31.011522
"COVINGTON ","22464 7TH AVENUE , FLORALA , AL","6","20","2006",-86.33407,31.011695
"COVINGTON ","1300 OLD PERRY STORE RD , OPP , AL","12","2","2004",-86.228816,31.280196
"COVINGTON ","28453 ANNA LN , RED LEVEL , AL","2","9","2004",-87.376807,34.975173
"CRENSHAW ","10136 HWY 141 , BRANTLEY , AL","9","14","2005",-86.223072,31.518781
"CRENSHAW ","14 FORREST S AVE 14 , LUVERNE , AL","10","13","2004",-86.263742,31.717212
"CULLMAN ","297 CO RD 1591 , BAILEYTON , AL","1","9","2004",-86.639878,34.283296
"CULLMAN ","640 CO RD 1127 , CULLMAN , AL","9","8","2004",-86.827985,34.176219
"CULLMAN ","8840 AL HWY 157 , CULLMAN , AL","9","27","2004",-86.873162,34.206914
"CULLMAN ","4588 CR 222 , CULLMAN , AL","12","6","2004",-86.922449,34.109111
"CULLMAN ","284 CO RD 109 , CULLMAN , AL","12","9","2004",-86.92355,34.016534
"CULLMAN ","1362  COUNTY ROAD 449, CULLMAN , AL","1","4","2010",-86.919344,34.076081
"CULLMAN ","1362  COUNTY ROAD 449, CULLMAN , AL","1","4","2010",-86.919344,34.076081
"CULLMAN ","107  CO 1475 ROAD  , CULLMAN , AL","4","2","2010",-86.790728,34.187592
"CULLMAN ","66  STRICKLIN ROAD  , CULLMAN , AL","7","8","2010",-86.885002,34.103007
"CULLMAN ","800  1678 CIRCLE  , CULLMAN , AL","12","6","2010",-86.660884,34.201043
"CULLMAN ","78 CO RD 531 , HANCEVILLE , AL","12","18","2004",-86.734718,34.022643
"CULLMAN ","116 CO RD 483 , HANCEVILLE , AL","12","29","2004",-86.829395,34.11348
"CULLMAN ","43 HILLSIDE VIEW RD , JOPPA , AL","6","14","2005",-86.619258,34.305393
"CULLMAN ","80  COUNTY ROAD 1247, VINEMONT , AL","1","19","2010",-86.924349,34.262905
"CULLMAN ","80  COUNTY ROAD 1247, VINEMONT , AL","1","19","2010",-86.924349,34.262905
"CULLMAN ","18195  US 31 HIGHWAY  , VINEMONT , AL","7","28","2010",-86.861464,34.229596
"DALE ","2447 GRITNEY S RD , DALEVILLE , AL","4","30","2004",-85.702108,31.244673
"DALE ","23 WATERS ST NO. 1 , ENTERPRISE , AL","1","6","2004",-85.771516,31.312514
"DALE ","205  RICHLAND DRIVE  , ENTERPRISE , AL","4","8","2009",-85.787223,31.337985
"DALE ","159 G ST , LEVEL PLAINS , AL","1","10","2005",-85.770704,31.304563
"DALE ","420  JACKSON CIRCLE  , MIDLAND CITY , AL","6","11","2010",-85.516494,31.275273
"DALE ","14237 84 W HWY , NEWTON , AL","6","6","2005",-85.771395,31.302985
"DALE ","222 COUNTY 317 W RD , OZARK , AL","5","6","2004",-85.564962,31.541019
"DALE ","11511 HWY 27 , OZARK , AL","10","13","2004",-85.868327,31.19217
"DALE ","517 BROAD E ST , OZARK , AL","12","10","2004",-85.633639,31.459255
"DEKALB ","1406  COUNRY 380 ROAD  , BOAZ , AL","12","16","2010",-86.0306,34.221637
"DEKALB ","2324 CO RD 469 , COLLINSVILLE , AL","3","22","2008",-85.861431,34.216717
"DEKALB ","24159  76 HIGHWAY  , COLLINSVILLE , AL","4","24","2009",-85.9137,34.441794
"Dekalb ","201 GRAVES ST , CROSSVILLE , AL","10","25","2004",-85.990811,34.285238
"DEKALB ","129 COUNTY ROAD 389 , CROSSVILLE , AL","3","8","2006",-86.063007,34.352008
"Dekalb ","2452 CO RD 79 , FORT PAYNE , AL","2","21","2004",-85.790264,34.321082
"Dekalb ","215 CO RD 293 , FORT PAYNE , AL","10","29","2004",-85.816507,34.365455
"Dekalb ","276 COUNTY ROAD 81 , FORT PAYNE , AL","12","17","2004",-85.774078,34.373661
"Dekalb ","1968 GODFREY NE AVE , FORT PAYNE , AL","12","29","2004",-85.701951,34.458838
"Dekalb ","311 BARRY ST , FORT PAYNE , AL","1","10","2005",-85.759331,34.444192
"Dekalb ","141 CO RD 678 , FORT PAYNE , AL","2","20","2005",-85.729303,34.572386
"Dekalb ","706 CAVE SW ST , FORT PAYNE , AL","9","5","2005",-85.724918,34.429366
"DEKALB ","16708 HWY 176 HIGHWAY , FORT PAYNE , AL","5","9","2006",-85.787767,34.29257
"DEKALB ","3229 COUNTY RD 101 , FORT PAYNE , AL","5","15","2006",-85.73767,34.291511
"DEKALB ","605 FRUIT FARM ROAD , FORT PAYNE , AL","10","25","2006",-85.700103,34.427873
"DEKALB ","449 COUNTY ROAD 74 , FORT PAYNE , AL","10","30","2006",-85.62666,34.465391
"DEKALB ","203 NORTHEAST 20TH STREET , FORT PAYNE , AL","11","27","2006",-85.740087,34.424723
"DEKALB ","5713  DUNN ROAD  , FORT PAYNE , AL","4","5","2009",-85.675158,34.450651
"DEKALB ","410 NORTHEAST BEASON GAP ROAD 172 , FORT PAYNE , AL","11","30","2010",-85.699312,34.458381
"Dekalb ","25 RD 9092 W , FYFFE , AL","2","16","2004",-85.953367,34.481764
"Dekalb ","9937 COUNTY 50 RD , FYFFE , AL","4","25","2004",-85.967778,34.460226
"Dekalb ","1006 CO RD 538 , FYFFE , AL","10","5","2005",-85.987356,34.467672
"Dekalb ","936 COUNTY 552 , GROVE OAK , AL","9","11","2004",-86.016542,34.47466
"Dekalb ","357 CO RD 820 , GROVE OAK , AL","12","15","2004",-86.088106,34.439197
"Dekalb ","13009 AL HWY 75 N , HENAGAR , AL","9","15","2004",-85.690998,34.669762
"DEKALB ","1891 COUNTY 651 ROAD , HENAGAR , AL","1","15","2006",-85.645339,34.682708
"Dekalb ","3374 COUNTY 739 , IDER , AL","5","18","2004",-85.60102,34.697811
"Dekalb ","130 WOODLAND DR , IDER , AL","10","13","2004",-85.656687,34.713397
"Dekalb ","164 653 RD , MENTONE , AL","2","29","2004",-86.099444,33.809038
"Dekalb ","426 HESTON W RD , RAINSVILLE , AL","2","17","2004",-85.84775,34.49425
"Dekalb ","278 CROFT ST , RAINSVILLE , AL","9","22","2004",-85.835369,34.493288
"Dekalb ","426 HEATON RD , RAINSVILLE , AL","2","15","2005",-85.869886,34.454427
"Dekalb ","1217 CO RD 570 , RAINSVILLE , AL","6","12","2005",-85.845393,34.533367
"Dekalb ","860 JONES RD , RAINSVILLE , AL","11","3","2005",-85.882221,34.523032
"DEKALB ","860  JONES ROAD  , RAINSVILLE , AL","5","12","2011",-85.882221,34.523032
"Dekalb ","121 COUNTY 884 RD , SYLVANIA , AL","8","14","2004",-85.788733,34.527626
"DEKALB ","133 3RD STREET , SYLVANIA , AL","5","6","2008",-85.816589,34.562168
"Dekalb ","40646 HWY 11 N , VALLEY HEAD , AL","8","3","2005",-85.612511,34.614859
"ELMORE ","341  RIDGEDALE LANE  , DEATSVILLE , AL","7","27","2011",-86.399883,32.545146
"ELMORE ","3366  CLAUD ROAD 14 , ECLECTIC , AL","6","24","2010",-86.05877,32.59391
"ELMORE ","2000  POLITIC ROAD  , ELMORE , AL","4","9","2009",-86.347107,32.540048
"ELMORE ","260  RENEE WAY  , ELMORE , AL","7","14","2010",-86.336955,32.5435
"ELMORE ","3371  GRANDVIEW DRIVE  , MILLBROOK , AL","5","11","2009",-86.365685,32.479173
"ELMORE ","68  BEACH WOOD LANE  , WETUMPKA , AL","6","14","2009",-86.28893,32.62557
"ELMORE ","579  MANN ROAD  , WETUMPKA , AL","7","26","2011",-86.11054,32.685756
"ELMORE ","182  VENABLE ROAD  , WETUMPKA , AL","8","4","2011",-86.099837,32.6267
"ESCAMBIA ","2444 DEER CREEK RD , ATMORE , AL","9","1","2004",-87.564529,31.01071
"ESCAMBIA ","1304 EAST NASHVILLE AVENUE 12 , ATMORE , AL","11","26","2010",-87.47972,31.024256
"ESCAMBIA ","2325 WEST ATMOSPHERE ROAD  , ATMORE , AL","11","29","2010",-87.522317,31.109872
"ESCAMBIA ","492 CROOK RD , BREWTON , AL","12","27","2004",-86.963328,31.121001
"ESCAMBIA ","23046 HIGHWAY 29 , BREWTON , AL","6","5","2006",-87.022751,31.082856
"ETOWAH ","161  STATON ROAD  , ALTOONA , AL","6","17","2010",-86.157258,34.064639
"ETOWAH ","222  FORMAN DRIVE  , ATTALLA , AL","6","22","2010",-86.102523,34.022817
"ETOWAH ","101 WALNUT ST , BOAZ , AL","9","3","2004",-86.167855,34.198274
"ETOWAH ","99 HAYDEN RD , BOAZ , AL","1","10","2005",-86.202001,34.170438
"ETOWAH ","907 INGRAM ST , BOAZ , AL","1","21","2005",-86.15417,34.207331
"ETOWAH ","129  HAPPY HILL ROAD  , BOAZ , AL","1","9","2010",-86.120948,34.13379
"ETOWAH ","129  HAPPY HILL ROAD  , BOAZ , AL","1","9","2010",-86.120948,34.13379
"ETOWAH ","1518  GADSDEN AVENUE  , GADSDEN , AL","1","5","2010",-86.026931,34.026089
"ETOWAH ","1518  GADSDEN AVENUE  , GADSDEN , AL","1","5","2010",-86.026931,34.026089
"ETOWAH ","405  WILLOW CREEK ROAD  , GADSDEN , AL","5","26","2010",-85.825708,34.034361
"FAYETTE ","638  COUNTY ROAD 62, BERRY , AL","6","19","2010",-87.621879,33.6385
"FAYETTE ","17175 STATE HWY 233 , ELDRIDGE , AL","2","11","2004",-87.69823,34.084342
"FAYETTE ","6540 CO RD 24 , ELDRIDGE , AL","5","26","2004",-87.697284,33.872706
"FAYETTE ","2313  2ND AVENUE  , FAYETTE , AL","6","26","2010",-87.820993,33.719792
"FAYETTE ","160 COUNTY ROAD 73 , GLEN ALLEN , AL","4","4","2004",-87.737117,33.909785
"FAYETTE ","187 MAUD TAYLOR ROAD , WINFIELD , AL","9","8","2008",-87.877488,33.885273
"FRANKLIN ","987 92 HIGHWAY , HALEYVILLE , AL","5","10","2008",-87.540553,34.330301
"FRANKLIN ","7929 HWY 172 , HODGES , AL","1","24","2008",-87.994022,34.356373
"FRANKLIN ","3103  172 HIGHWAY 1 , HODGES , AL","5","15","2009",-87.610889,33.925251
"FRANKLIN ","2504  SUNSET ROAD  , HODGES , AL","4","26","2010",-87.960833,34.3333
"FRANKLIN ","194 BLACK CHURCH ROAD , PHIL CAMPBELL , AL","2","25","2008",-87.661323,34.3994
"FRANKLIN ","1114 BAKER ROAD , PHIL CAMPBELL , AL","4","22","2008",-87.645407,34.43208
"FRANKLIN ","4274 20 HIGHWAY , PHIL CAMPBELL , AL","4","25","2008",-87.726755,34.391569
"FRANKLIN ","338 GARRISON HOLLOW RD , RED BAY , AL","3","6","2004",-88.085938,34.466807
"FRANKLIN ","5443 COUNTY LINE RD , RUSSELLVILLE , AL","4","1","2004",-87.533959,34.434018
"FRANKLIN ","10331 SOUTH 43 HIGHWAY , RUSSELLVILLE , AL","11","28","2007",-87.723145,34.496576
"FRANKLIN ","100 TOWN AND COUNTRY LOT F-6 , RUSSELLVILLE , AL","2","28","2008",-87.727958,34.529015
"FRANKLIN ","305 OLIVE STREET , RUSSELLVILLE , AL","7","11","2008",-87.724274,34.510985
"FRANKLIN ","47  PORTER ROAD  , RUSSELLVILLE , AL","5","19","2009",-87.649299,34.450789
"FRANKLIN ","204  RICHESON STREET  , RUSSELLVILLE , AL","4","7","2010",-87.727192,34.515607
"FRANKLIN ","1730 NORTH SOCKWELL AVENUE  , RUSSELLVILLE , AL","6","21","2010",-87.721221,34.522247
"FRANKLIN ","507 BARKER ROAD , VINA , AL","11","1","2007",-88.030105,34.35926
"FRANKLIN ","8036 19 HIGHWAY , VINA , AL","3","14","2008",-88.1079,34.40032
"FRANKLIN ","2123 CO HWY 9 , VINA , AL","5","14","2008",-88.060454,34.41449
"FRANKLIN ","391 BARKER ROAD , VINA , AL","6","25","2008",-88.033388,34.359925
"FRANKLIN ","516 224 HIGHWAY , VINA , AL","9","11","2008",-88.020518,34.450937
"GENEVA ","629 COUNTY 729 RD , CHANCELLOR , AL","5","20","2004",-85.833326,31.21732
"GENEVA ","9730 AL N ST , CHANCELLOR , AL","8","30","2005",-85.769752,31.29495
"GENEVA ","405 PURVIS W ST , GENEVA , AL","3","19","2004",-85.8801,31.041767
"GENEVA ","2131 GOATHILL W RD , GENEVA , AL","9","7","2004",-85.929341,31.037379
"GENEVA ","2837 COUNTY RD , GENEVA , AL","10","26","2004",-85.374315,31.201535
"GENEVA ","2615 STATE HWY 85 N , GENEVA , AL","4","16","2005",-85.849813,31.092508
"GENEVA ","971 T. PEACOCK RD , HARTFORD , AL","8","17","2004",-85.654482,31.151305
"GENEVA ","198 WHEAT LANE , HARTFORD , AL","3","5","2006",-85.689086,31.002992
"GENEVA ","123 FINK FARM RD , SAMSON , AL","8","13","2004",-86.178738,31.053739
"GENEVA ","403 EWING W ST , SAMSON , AL","11","2","2004",-86.054742,31.11053
"GENEVA ","3163 ALAFLO RD , SAMSON , AL","3","1","2005",-86.113647,31.07181
"GENEVA ","6388 STATE HWY 54 , SAMSON , AL","5","6","2005",-86.171275,31.063278
"GENEVA ","1813 PATES RD , SLOCOMB , AL","1","20","2004",-85.59438,31.10823
"GENEVA ","103 EWELL S RD , SLOCOMB , AL","2","7","2004",-85.59438,31.10823
"HENRY ","903 EARLY WALDEN ROAD , HEADLAND , AL","3","27","2006",-85.316697,31.339309
"HENRY ","388 BAWDIN ST , NEWVILLE , AL","2","1","2005",-85.337004,31.416663
"HOUSTON ","1121 BROADWAY N ST LOT 11 , ASHFORD , AL","9","17","2004",-85.233946,31.219725
"HOUSTON ","4469 CEDAR SPRINGS RD , ASHFORD , AL","12","9","2004",-85.208272,31.254534
"HOUSTON ","1049 SOUTH CO RD 33 , ASHFORD , AL","5","30","2006",-85.253208,31.165121
"HOUSTON ","1556 BENTON STORE ROAD , COLUMBIA , AL","1","21","2006",-85.196294,31.283649
"HOUSTON ","1095 BUNLIN RD , COTTONWOOD , AL","2","2","2004",-85.30493,31.04879
"HOUSTON ","98 ST. MARY RD , COTTONWOOD , AL","4","26","2005",-85.360103,31.045555
"HOUSTON ","1190 NORTH BROAD STREET , COWARTS , AL","1","12","2006",-85.303257,31.209364
"HOUSTON ","870 D HODGES RD , DOTHAN , AL","2","2","2004",-85.458194,31.316627
"HOUSTON ","1118 SAUNDERS E RD 1120 , DOTHAN , AL","2","13","2004",-85.348537,31.290146
"HOUSTON ","75 ROY MARTIN RD , DOTHAN , AL","3","19","2004",-85.383414,31.111886
"HOUSTON ","4375 COUNTY LOT 9 RD 203 , DOTHAN , AL","4","28","2004",-85.43608,31.140694
"HOUSTON ","1118 SAUNDERS E RD , DOTHAN , AL","5","10","2004",-85.348537,31.290146
"HOUSTON ","114 MATTIE LN , DOTHAN , AL","8","24","2004",-85.464203,31.182349
"HOUSTON ","1604 HODGESVILLE RD C-601 , DOTHAN , AL","9","24","2004",-85.398987,31.174175
"HOUSTON ","200 b SWEET GNM RD , DOTHAN , AL","9","30","2004",-85.412739,31.212062
"HOUSTON ","6235 FORTNER , DOTHAN , AL","10","29","2004",-85.487211,31.210813
"HOUSTON ","1118 SAUNDERS E RD LOT 19 , DOTHAN , AL","11","10","2004",-85.348537,31.290146
"HOUSTON ","1100 FORESTER RD LOT 11 , DOTHAN , AL","11","17","2004",-85.346097,31.182612
"HOUSTON ","204 SOUTHPORT W DR , DOTHAN , AL","12","23","2004",-85.393097,31.217026
"HOUSTON ","2129 IRIS RD LOT 5 , DOTHAN , AL","5","5","2005",-85.394989,31.113127
"HOUSTON ","446 SUNRISE DR , DOTHAN , AL","5","7","2005",-85.470412,31.213778
"HOUSTON ","451 OATES S ST 1 , DOTHAN , AL","5","18","2005",-85.392952,31.218838
"HOUSTON ","4379 COUNTY RD LOT 6 , DOTHAN , AL","9","6","2005",-85.374315,31.201535
"HOUSTON ","2129 IRIS RD 7 , DOTHAN , AL","10","12","2005",-85.394989,31.113127
"HOUSTON ","205 PETUNIA DR , DOTHAN , AL","10","19","2005",-85.468191,31.172426
"HOUSTON ","6235 FORTNER STREET , DOTHAN , AL","1","25","2006",-85.487211,31.210813
"HOUSTON ","12931 COUNTY ROAD 33 , DOTHAN , AL","3","9","2006",-85.392077,31.073723
"HOUSTON ","212 WEST SAUNDERS ROAD , DOTHAN , AL","3","10","2006",-85.404138,31.159914
"HOUSTON ","55 EASTGATE DRIVE , DOTHAN , AL","3","22","2006",-85.322406,31.20275
"HOUSTON ","443 FORTSON ROAD , DOTHAN , AL","5","1","2006",-85.53227,31.213568
"HOUSTON ","2768 WEBB ROAD , DOTHAN , AL","6","7","2006",-85.350665,31.246431
"HOUSTON ","4148 WEST COOK ROAD , DOTHAN , AL","6","13","2006",-85.472873,31.106486
"HOUSTON ","918 SOUTH OATES STREET , DOTHAN , AL","6","28","2006",-85.393172,31.212531
"HOUSTON ","2099 SOUTH OATES STREET  , DOTHAN , AL","6","16","2009",-85.398649,31.196713
"HOUSTON ","212  SAUNDERS ROAD  , DOTHAN , AL","7","2","2010",-85.34839,31.284542
"HOUSTON ","2201  SHANNONDOAH DRIVE  , DOTHAN , AL","7","16","2010",-85.379759,31.185343
"HOUSTON ","192 JOWERS RD , GORDON , AL","2","17","2004",-85.067055,31.144353
"HOUSTON ","2686 WATSON BRIDGE RD , KINSEY , AL","6","4","2004",-85.304921,31.264449
"HOUSTON ","365 BJ MIXON RD , MADRID , AL","4","30","2004",-85.39114,31.033548
"HOUSTON ","525 PARRISH RD , PANSEY , AL","7","16","2004",-85.170739,31.126235
"HOUSTON ","1325  EUBANKS ROAD  , PANSEY , AL","7","24","2010",-85.165019,31.140206
"HOUSTON ","345 HARDEN ROAD , SLOCOMB , AL","2","23","2006",-85.59438,31.10823
"HOUSTON ","2600  TRAWICK ROAD  , TAYLOR , AL","6","9","2009",-85.476047,31.195472
"HOUSTON ","215 JUAN CIR , WEBB , AL","3","21","2004",-85.269145,31.206801
"HOUSTON ","1055 ENON RD , WEBB , AL","1","21","2005",-85.2774,31.211256
"HOUSTON ","488 GILLEY MILL ROAD , WEBB , AL","3","21","2006",-85.280419,31.280036
"HOUSTON ","2780 ENON ROAD , WEBB , AL","4","6","2006",-85.276494,31.237873
"HOUSTON ","930 FURNIE FOLKS ROAD , WEBB , AL","4","14","2006",-85.289427,31.240248
"JACKSON ","1949 COUNTY RD , BRIDGEPORT , AL","2","24","2005",-85.97437,34.669942
"JACKSON ","49064 A1 HWY 277 HWY , BRIDGEPORT , AL","3","2","2005",-85.758622,34.919726
"JACKSON ","720 HAMLIN AVE , BRIDGEPORT , AL","4","12","2005",-85.711612,34.939506
"JACKSON ","40 CO RD 280 , BRIDGEPORT , AL","2","21","2007",-85.735766,34.934375
"JACKSON ","265 DOGWOOD LANE , BRIDGEPORT , AL","4","6","2007",-85.746582,34.92226
"JACKSON ","923  COUNTY ROAD 94, BRIDGEPORT , AL","1","16","2010",-85.737913,34.943445
"JACKSON ","923  COUNTY ROAD 94, BRIDGEPORT , AL","1","16","2010",-85.737913,34.943445
"JACKSON ","724  ALABAMA AVENUE  , BRIDGEPORT , AL","4","13","2010",-85.71798,34.946973
"JACKSON ","614  ALDHOUSE AVENUE  , BRIDGEPORT , AL","9","22","2010",-85.717669,34.949898
"JACKSON ","1117  JACOBS AVENUE  , BRIDGEPORT , AL","2","16","2011",-85.72025,34.940793
"JACKSON ","1117  JACOBS AVENUE  , BRIDGEPORT , AL","2","16","2011",-85.72025,34.940793
"JACKSON ","1910 COUNTY 131 ROAD , BRYANT , AL","3","28","2007",-85.659965,34.902345
"JACKSON ","1966  CO RD 89, BRYANT , AL","5","8","2009",-85.593223,34.886355
"JACKSON ","5727  ALABAMA HWY 73, BRYANT , AL","1","23","2010",-85.633953,34.928502
"JACKSON ","5727  ALABAMA HWY 73, BRYANT , AL","1","23","2010",-85.633953,34.928502
"JACKSON ","827 COUNTY ROAD 150 RD , DUTTON , AL","3","31","2004",-85.879272,34.644635
"JACKSON ","6972 CO RD 124 , DUTTON , AL","1","25","2005",-85.896537,34.62969
"JACKSON ","2583 CO. RD 18 , DUTTON , AL","2","17","2005",-85.931573,34.600482
"JACKSON ","875 COUNTY ROAD 423 , DUTTON , AL","7","7","2007",-85.889092,34.645268
"JACKSON ","5969 CO RD 14 , FLAT ROCK , AL","6","14","2008",-85.719463,34.851715
"JACKSON ","241  POWELL LANE  , FLAT ROCK , AL","7","1","2010",-85.659754,34.824623
"JACKSON ","8697  40 HIGHWAY  , HENAGAR , AL","8","13","2010",-85.6553,34.610296
"JACKSON ","27  COUNTRY 707 ROAD  , HENAGAR , AL","8","18","2010",-85.803876,34.631099
"JACKSON ","2246 COUNTY 95 ROAD , HIGDON , AL","5","8","2007",-85.637987,34.829911
"JACKSON ","49 CO RD 318 , HIGDON , AL","6","18","2008",-85.624967,34.848626
"JACKSON ","859 RUBY JOHNSON DR , HOLLYWOOD , AL","3","21","2004",-85.968457,34.695314
"JACKSON ","6759 CO 33 RD , HOLLYWOOD , AL","3","26","2004",-85.97549,34.72575
"JACKSON ","15 FRED ST , HOLLYWOOD , AL","3","31","2004",-85.990304,34.741912
"JACKSON ","349 COUNTY 599 RD , HOLLYWOOD , AL","5","9","2004",-85.923787,34.741957
"JACKSON ","981 CO RD 213 , HOLLYWOOD , AL","3","30","2005",-85.900942,34.755141
"JACKSON ","3983 COUNTY ROAD 42 , HOLLYWOOD , AL","4","30","2007",-85.957084,34.772217
"JACKSON ","985  COUNTY ROAD 213, HOLLYWOOD , AL","5","13","2010",-85.900981,34.755206
"JACKSON ","629 LAKESHORE DR , LANGSTON , AL","2","19","2004",-86.071458,34.552652
"JACKSON ","2072 COUNTY 10 RD , PAINT ROCK , AL","4","19","2005",-86.310437,34.756016
"JACKSON ","1738 CR 134 , PISGAH , AL","5","12","2004",-85.759899,34.661044
"JACKSON ","1210 COUNTY ROAD 357 , PISGAH , AL","6","18","2004",-85.829617,34.726528
"JACKSON ","3312 COUNTY ROAD 60 RD , PISGAH , AL","7","30","2004",-85.787941,34.696693
"JACKSON ","940 CO RD 339 , PISGAH , AL","11","29","2005",-85.768047,34.7165
"JACKSON ","470 CO RD 456 , PISGAH , AL","3","26","2008",-85.777493,34.689759
"JACKSON ","75 CO RD 60 , PISGAH , AL","4","11","2008",-85.842168,34.689908
"JACKSON ","842  COUNTRY 352 ROAD  , PISGAH , AL","8","1","2010",-85.746933,34.685262
"JACKSON ","8903  COUNTRY 58 ROAD  , PISGAH , AL","8","3","2010",-85.765404,34.7039
"JACKSON ","22 HANCOCK E DR , SCOTTSBORO , AL","1","29","2004",-86.067087,34.611627
"JACKSON ","1372 C.R. 540 , SCOTTSBORO , AL","2","3","2004",-86.188136,34.636405
"JACKSON ","426 OLD LARKINSVILLE RD , SCOTTSBORO , AL","3","8","2004",-86.05529,34.678617
"JACKSON ","778 COUNTY 143 RD , SCOTTSBORO , AL","5","1","2004",-86.114928,34.797568
"JACKSON ","1483 CO. RD 138 , SCOTTSBORO , AL","8","6","2004",-86.152182,34.859327
"JACKSON ","409 PONROY ST , SCOTTSBORO , AL","8","9","2004",-86.023927,34.676294
"JACKSON ","243 MCFOILTON LN , SCOTTSBORO , AL","8","11","2004",-86.004444,34.697162
"JACKSON ","390 CRAWFORD RD , SCOTTSBORO , AL","9","8","2004",-86.000427,34.662164
"JACKSON ","18979 35 W HWY , SCOTTSBORO , AL","10","19","2004",-86.601532,34.535084
"JACKSON ","2920 JULIE DR , SCOTTSBORO , AL","11","18","2004",-86.037511,34.631406
"JACKSON ","503 SHORT ST , SCOTTSBORO , AL","11","23","2004",-86.027433,34.667025
"JACKSON ","2770 OLD LARKINSVILLE RD , SCOTTSBORO , AL","11","29","2004",-86.088316,34.69059
"JACKSON ","2920 JULIE DR , SCOTTSBORO , AL","12","14","2004",-86.037511,34.631406
"JACKSON ","2207 BROAD S ST , SCOTTSBORO , AL","1","12","2005",-86.025992,34.608739
"JACKSON ","79 BIBB AVE , SCOTTSBORO , AL","1","27","2005",-86.062787,34.655179
"JACKSON ","703 WALSH AVE , SCOTTSBORO , AL","2","14","2005",-86.01825,34.679221
"JACKSON ","149 PICKENS DR , SCOTTSBORO , AL","2","23","2005",-86.078865,34.931602
"JACKSON ","106 OLINGER RD , SCOTTSBORO , AL","3","14","2005",-86.179836,34.56914
"JACKSON ","215 JOY DR , SCOTTSBORO , AL","4","12","2005",-86.001306,34.70154
"JACKSON ","375 MAPLES DR , SCOTTSBORO , AL","4","15","2005",-86.18572,34.570393
"JACKSON ","253 COUNTY ROAD 470 , SCOTTSBORO , AL","5","17","2005",-86.02384,34.762112
"JACKSON ","71 EAST JOHN ROB , SCOTTSBORO , AL","7","11","2006",-86.008111,34.703078
"JACKSON ","169 EAST WINESAP ROAD , SCOTTSBORO , AL","8","23","2007",-85.980912,34.658274
"JACKSON ","948 CO RD 30 , SCOTTSBORO , AL","9","27","2007",-86.058603,34.684642
"JACKSON ","137 COWLEY LANE , SCOTTSBORO , AL","3","3","2008",-86.13449,34.561954
"JACKSON ","2494 OLD LARKINSVILLE ROAD , SCOTTSBORO , AL","6","23","2008",-86.084125,34.689136
"JACKSON ","794 HYTOP ROAD , SCOTTSBORO , AL","6","27","2008",-86.087159,34.913267
"JACKSON ","303 EAST JOHNATHON STREET , SCOTTSBORO , AL","7","17","2008",-85.978766,34.657972
"JACKSON ","390  LONG HOLLOW ROAD  , SCOTTSBORO , AL","6","3","2009",-86.09767,34.680029
"JACKSON ","3094  OLD LARKINSVILLE ROAD  , SCOTTSBORO , AL","4","29","2010",-86.079511,34.686988
"JACKSON ","16555  AL HWY 79, SCOTTSBORO , AL","6","3","2010",-86.11701,34.732956
"JACKSON ","370  GIZZARD POINT ROAD  , SCOTTSBORO , AL","7","12","2010",-86.112684,34.79036
"JACKSON ","840 WEST WILLOW STREET #107 , SCOTTSBORO , AL","8","22","2012",-76.27635,39.97927
"JACKSON ","3147 CO RD 43 , SECTION , AL","2","4","2004",-85.990648,34.539748
"JACKSON ","91 GURLEY CIR , SECTION , AL","2","20","2004",-85.982673,34.567101
"JACKSON ","6713 CO RD 43 , SECTION , AL","4","3","2008",-85.974864,34.504576
"JACKSON ","817  COUNTRY 411 ROAD  , SECTION , AL","9","25","2010",-85.985555,34.521995
"JACKSON ","720 CO.RD 69 , STEVENSON , AL","1","1","2004",-85.784125,34.911405
"JACKSON ","376 COUNTY RD 96 , STEVENSON , AL","1","3","2004",-85.801733,34.880558
"JACKSON ","lot 3 EP KIMBALL TRL PK/277 HWY , STEVENSON , AL","8","31","2004",-85.835355,34.867379
"JACKSON ","376 STCAM PLANT RD 10 , STEVENSON , AL","1","25","2005",-86.309236,34.732059
"JACKSON ","256 CO. RD. 135 , STEVENSON , AL","4","4","2005",-85.792921,34.894971
"JACKSON ","205 COTTON W , STEVENSON , AL","1","30","2006",-85.828503,34.873295
"JACKSON ","145 COUNTY ROAD 305 , STEVENSON , AL","9","25","2006",-85.781825,34.886274
"JACKSON ","641 COUNTY ROAD , STEVENSON , AL","2","19","2007",-86.612949,34.544883
"JACKSON ","41  COUNTRY 169 ROAD  , STEVENSON , AL","4","19","2009",-85.906162,34.797689
"JACKSON ","1185  COUNTY ROAD 104, STEVENSON , AL","1","31","2010",-85.800096,34.931028
"JACKSON ","1185  COUNTY ROAD 104, STEVENSON , AL","1","31","2010",-85.800096,34.931028
"JACKSON ","229 MAIN ST , TRENTON , AL","6","28","2005",-86.749259,34.693466
"JACKSON ","11340 COUNTY 30 RD , WOODVILLE , AL","1","22","2004",-86.262493,34.650862
"JACKSON ","31046 SR 35 HWY , WOODVILLE , AL","2","5","2004",-86.284084,34.6165
"JACKSON ","100 COBB ST , WOODVILLE , AL","7","8","2004",-86.269559,34.622316
"JACKSON ","440 CO RD 500 , WOODVILLE , AL","8","11","2004",-86.303899,34.629393
"JACKSON ","733 CAVERN COVE RD , WOODVILLE , AL","8","19","2004",-86.246031,34.563324
"JACKSON ","251 CO. RD. 222 , WOODVILLE , AL","6","18","2005",-86.157499,34.748922
"JACKSON ","1349 CO. RD 317 , WOODVILLE , AL","8","22","2005",-86.167215,34.727852
"JACKSON ","3984 COUNTY RD 30 , WOODVILLE , AL","9","6","2005",-86.158497,34.677403
"JACKSON ","11736 COUNTY ROAD 17 , WOODVILLE , AL","8","24","2006",-86.138757,34.780867
"JACKSON ","1465 CO RD 183 , WOODVILLE , AL","11","29","2006",-86.260989,34.632948
"JACKSON ","3984 COUNTY ROAD 8 , WOODVILLE , AL","12","4","2006",-86.218274,34.730179
"JACKSON ","1349 COUNTY 317 ROAD , WOODVILLE , AL","5","3","2007",-86.167215,34.727852
"JACKSON ","5300 COUNTY ROAD 8 , WOODVILLE , AL","12","11","2007",-86.234005,34.721899
"JEFFERSON ","212 CAHABA FOREST COVE , BIRMINGHAM , AL","10","20","2004",-86.779136,33.540137
"JEFFERSON ","2700 RAY ST , BIRMINGHAM , AL","3","23","2005",-86.923941,33.530784
"JEFFERSON ","4221 SHADES CREST S RD , BIRMINGHAM , AL","2","1","2006",-86.895429,33.316449
"JEFFERSON ","2721 NORTH 2ND AVENUE  , BIRMINGHAM , AL","5","26","2009",-86.857594,33.43224
"JEFFERSON ","1070  MCDONALDS CHAPEL ROAD  , BIRMINGHAM , AL","7","17","2010",-86.939343,33.54039
"JEFFERSON ","4238  CENTER POINT ROAD  , BIRMINGHAM , AL","7","27","2010",-86.682386,33.682381
"JEFFERSON ","4631  ELFRETH JOHNSON ROAD 46 , BIRMINGHAM , AL","12","4","2011",-86.717656,33.662321
"JEFFERSON ","8850 COUNTY LINE RD , DORA , AL","8","31","2004",-87.010481,33.769326
"JEFFERSON ","528  PORRER CREST ROAD , GRAYSVILLE , AL","3","4","2016",-86.990072,33.455433
"JEFFERSON ","409 EDGECREST DRIVE 3 , HOMEWOOD , AL","3","10","2006",-86.832748,33.464074
"JEFFERSON ","218 24TH N ST , IRONDALE , AL","8","28","2005",-86.701295,33.540112
"JEFFERSON ","9352  PETERSON DRIVE  , KIMBERLY , AL","7","1","2010",-86.818339,33.779068
"JEFFERSON ","1214 ASHVILLE SE RD , LEEDS , AL","4","4","2004",-86.521904,33.563482
"JEFFERSON ","1910  LINDEN STREET  , LEEDS , AL","6","15","2009",-86.544285,33.551989
"JEFFERSON ","283 SOUTH 4TH AVENUE , MORRIS , AL","10","8","2008",-86.805203,33.744462
"JEFFERSON ","8435  STOUTS ROAD  , MORRIS , AL","4","22","2010",-86.808292,33.751688
"JEFFERSON ","268  SAM THOMAS ROAD  , MORRIS , AL","7","27","2010",-86.341685,33.910851
"JEFFERSON ","1542  MOUNT OLIVE BROOKSIDE ROAD  , MOUNT OLIVE , AL","5","14","2010",-86.880127,33.678067
"JEFFERSON ","2640  MOUNT OLIVE ROAD  , MOUNT OLIVE , AL","5","17","2011",-86.852416,33.669342
"JEFFERSON ","1435  SHORT CREEK ROAD  , MULGA , AL","7","28","2010",-87.099183,33.552658
"JEFFERSON ","6511  ROE CHANDLER ROAD  , PINSON , AL","1","11","2010",-86.605407,33.696627
"JEFFERSON ","6511  ROE CHANDLER ROAD  , PINSON , AL","1","11","2010",-86.605407,33.696627
"JEFFERSON ","7070  SELF ROAD  , PINSON , AL","5","13","2010",-86.604002,33.70961
"JEFFERSON ","9209  5TH AVENUE  , TRAFFORD , AL","7","5","2010",-86.746327,33.818398
"JEFFERSON ","9385 MILLER RD , WARRIOR , AL","1","12","2005",-86.927698,33.810007
"JEFFERSON ","3035 NAIL RD , WARRIOR , AL","2","18","2005",-86.937204,33.756765
"JEFFERSON ","444  TRAFFORD ROAD  , WARRIOR , AL","7","28","2010",-86.794204,33.827059
"LAMAR ","12901  HIGHWAY 278, BEAVERTON , AL","4","8","2010",-88.03434,33.923501
"LAMAR ","111 ROBERTSON AVENUE , DETROIT , AL","9","22","2008",-88.17072,34.02784
"LAMAR ","367 BURGESS ROAD , MILLPORT , AL","3","29","2008",-88.038524,33.636014
"LAMAR ","196 FERNBANK ROAD , MILLPORT , AL","9","5","2008",-88.08792,33.582116
"LAMAR ","11373 FENBANK ROAD , MILLPORT , AL","9","6","2008",-88.131425,33.606342
"LAMAR ","555 FENBANK ROAD , MILLPORT , AL","11","14","2008",-88.131425,33.606342
"LAMAR ","1727  MOUNT PLEASANT CHURCH ROAD  , MILLPORT , AL","1","14","2010",-88.105668,33.595303
"LAMAR ","1727  MOUNT PLEASANT CHURCH ROAD  , MILLPORT , AL","1","14","2010",-88.105668,33.595303
"LAMAR ","2904 WEST 18 HIGHWAY , SULLIGENT , AL","3","31","2008",-88.213833,33.727685
"LAMAR ","3765 DINKY LINE ROAD , SULLIGENT , AL","9","16","2008",-88.109789,34.007317
"LAMAR ","746 MILITARY GROVE ROAD , SULLIGENT , AL","11","29","2008",-88.129491,33.847093
"LAMAR ","345 HARRISON CT 189 , VERNON , AL","3","31","2004",-88.108353,33.746367
"LAMAR ","1381 NORTHWEST 11TH STREET , VERNON , AL","4","10","2008",-88.127569,33.76858
"LAMAR ","2448 BEAVER CREEK ROAD , VERNON , AL","5","6","2008",-88.094693,33.786654
"LAUDERDALE ","3204 CO RD 158 , FLORENCE , AL","4","12","2004",-87.862223,34.91794
"LAUDERDALE ","76 MEADOW GROVE LANE , FLORENCE , AL","9","21","2008",-87.72761,34.892122
"LAUDERDALE ","300 CO RD 237 , FLORENCE , AL","10","31","2008",-87.344124,34.53722
"LAUDERDALE ","1836  DARBY DRIVE  , FLORENCE , AL","1","4","2010",-87.656322,34.825308
"LAUDERDALE ","1836  DARBY DRIVE  , FLORENCE , AL","1","4","2010",-87.656322,34.825308
"LAUDERDALE ","6290  COUNTY 87 ROAD  , FLORENCE , AL","5","22","2010",-87.902484,34.927963
"LAUDERDALE ","502  DEER TRAIL  , FLORENCE , AL","11","10","2010",-87.684024,34.841471
"LAUDERDALE ","12447 CO RD 33 , LEXINGTON , AL","2","27","2004",-87.37113,34.96925
"LAUDERDALE ","217 JUSTIN LANE , LEXINGTON , AL","8","22","2006",-87.37113,34.96925
"LAUDERDALE ","355 C.R. 558 RD , ROGERSVILLE , AL","5","20","2004",-87.286608,34.869302
"LAUDERDALE ","1049 CO RD 540 , ROGERSVILLE , AL","3","1","2008",-87.334944,34.895762
"LAWRENCE ","95 CR 510 , MOULTON , AL","6","3","2004",-87.350552,34.566276
"LAWRENCE ","2658 CR 181 , MOULTON , AL","7","24","2004",-87.252278,34.445626
"LAWRENCE ","417 SOUTH ST , MOULTON , AL","10","18","2007",-87.293464,34.478808
"LAWRENCE ","925 SOUTHEAST FRANKLIN SMITH ROAD , MOULTON , AL","2","13","2008",-87.266014,34.48501
"LAWRENCE ","2859  COUNTY ROAD 236, MOULTON , AL","4","20","2009",-87.414861,34.562567
"LAWRENCE ","1355  COUNTY ROAD 203, MOULTON , AL","4","30","2009",-87.777293,32.818017
"LAWRENCE ","11551  CO RD 9, MOULTON , AL","5","11","2009",-87.333963,34.430449
"LAWRENCE ","112  COUNTY ROAD 243, MOULTON , AL","5","29","2009",-87.323996,34.544087
"LAWRENCE ","1065 CR 431 , TRINITY , AL","3","10","2004",-87.123344,34.601441
"LAWRENCE ","1255 CO RD 319 , TRINITY , AL","8","10","2006",-87.192673,34.525361
"LAWRENCE ","224  COUNTY ROAD 352, TRINITY , AL","5","28","2009",-87.172693,34.555054
"LEE ","570 LEE RD , AUBURN , AL","6","10","2004",-85.482267,32.58159
"LEE ","137  OAK STREET  , AUBURN , AL","4","16","2010",-85.460936,32.604573
"LEE ","2045  LEE ROAD 137  40 , AUBURN , AL","4","10","2013",-85.52209,32.579979
"LEE ","11136  LEE ROAD 279 , CUSSETA , AL","6","25","2010",-85.186036,32.711399
"LEE ","3305 KING AVE , OPELIKA , AL","11","2","2004",-85.428435,32.62368
"LEE ","343 LEE ROAD 117 , OPELIKA , AL","2","7","2006",-85.337701,32.547007
"LEE ","1010  2ND AVENUE 108 , OPELIKA , AL","6","11","2009",-85.383608,32.648343
"LEE ","2796  ALABAMA STREET  , OPELIKA , AL","5","18","2010",-85.390349,32.630597
"LEE ","454 SOUTH 10TH STREET 6 , OPELIKA , AL","5","24","2010",-85.377806,32.643064
"LEE ","140  LEE ROAD 703 , OPELIKA , AL","6","29","2010",-85.331702,32.584969
"LEE ","228 LEE RD , PHENIX CITY , AL","4","19","2004",-86.75026,32.75041
"LEE ","289  LEE ROAD 214 , PHENIX CITY , AL","4","7","2010",-86.75026,32.75041
"LEE ","15  LEE ROAD  496 , PHENIX CITY , AL","11","5","2010",-86.75026,32.75041
"LEE ","5433 LEE RD 145 , SALEM , AL","1","27","2004",-85.236919,32.596357
"LEE ","1636 LEE RD 246 , SALEM , AL","1","22","2005",-85.177631,32.558806
"LEE ","385  LEE ROAD 792 , SALEM , AL","4","10","2009",-85.113319,32.671551
"LEE ","295 LEE ROAD 876 , SMITHS STATION , AL","7","1","2004",-85.120948,32.58001
"LEE ","245 LEE ROAD 596 , SMITHS STATION , AL","12","29","2004",-85.118637,32.500957
"LEE ","500 LEE RD/ 360 VALLEY , VALLEY , AL","5","2","2005",-85.174099,32.704323
"LIMESTONE ","29458  LAKEVIEW DRIVE  , ARDMORE , AL","6","4","2009",-86.837234,34.9834
"LIMESTONE ","21215 SANDLIN RD , ELKMONT , AL","1","19","2006",-86.942665,34.92067
"LIMESTONE ","30800 VETO ROAD , ELKMONT , AL","6","23","2007",-86.988529,34.994256
"LIMESTONE ","25042  ELKTON ROAD  , ELKMONT , AL","5","8","2009",-86.910171,34.912571
"MACON ","320 MAIN E ST , NOTASULGA , AL","2","20","2005",-85.661523,32.560689
"MADISON ","1413 MACEDONIA ROAD , ARDMORE , AL","8","8","2007",-86.774613,34.976825
"MADISON ","869  MACEDONIA ROAD  , ARDMORE , AL","4","6","2009",-86.773837,34.96026
"MADISON ","131  MILL CIRCLE BOX A , BROWNSBORO , AL","2","23","2015",-86.74294,34.699448
"MADISON ","145 DUDLEY ROAD , GURLEY , AL","8","4","2008",-86.364977,34.653502
"MADISON ","173 DUDLEY ROAD , GURLEY , AL","8","4","2008",-86.365621,34.653673
"MADISON ","102 W Maple BOULEVARD , GURLEY , AL","3","29","2016",-86.375843,34.69855
"MADISON ","318  CLUTTS ROAD  BOX LOT B , HARVEST , AL","6","4","2014",-86.762627,34.779624
"MADISON ","109 SUBLIMITY CT , HAZEL GREEN , AL","9","7","2005",-86.613961,34.943225
"MADISON ","496 READY SECTION ROAD , HAZEL GREEN , AL","10","11","2006",-86.631812,34.932715
"MADISON ","205 BOBO SECTION ROAD , HAZEL GREEN , AL","9","3","2008",-86.571634,34.957032
"MADISON ","257  MCKENZIE DRIVE  , HAZEL GREEN , AL","5","26","2010",-86.559445,34.986536
"MADISON ","701  CHARITY LAKE  , HAZEL GREEN , AL","9","17","2013",-86.59663,34.94713
"MADISON ","172  MATTS WAY , HAZEL GREEN , AL","3","27","2015",-86.576059,34.914774
"MADISON ","3772 UNIVERSITY DR 279 , HUNTSVILLE , AL","1","9","2004",-86.62064,34.735161
"MADISON ","2020 GOLF RD 307 , HUNTSVILLE , AL","2","10","2004",-86.580055,34.679353
"MADISON ","10013 MEMORIAL S PKWY 255 , HUNTSVILLE , AL","2","28","2004",-86.566536,34.643058
"MADISON ","4029 BRASEWOOD DR 7 , HUNTSVILLE , AL","3","8","2004",-86.584323,34.674043
"MADISON ","4751 GOVERNORS HOUSE DR , HUNTSVILLE , AL","3","29","2004",-86.632282,34.718142
"MADISON ","1935 MEADOWBROOK DR 406 , HUNTSVILLE , AL","4","21","2004",-86.560042,34.63706
"MADISON ","3610 MCVAY ST 2 , HUNTSVILLE , AL","4","7","2005",-86.626053,34.702085
"MADISON ","3009 VANDERBILT DR 26 , HUNTSVILLE , AL","9","4","2005",-86.589035,34.716542
"MADISON ","244 OHATCHEE RD 1 , HUNTSVILLE , AL","2","13","2006",-86.444481,34.795822
"MADISON ","705 HAL STREET , HUNTSVILLE , AL","4","5","2006",-86.614112,34.726891
"MADISON ","1354 OLD MONROVIA ROAD , HUNTSVILLE , AL","3","11","2008",-86.679593,34.753709
"MADISON ","1013 HAMPTON FALLS BOULEVARD 728 , HUNTSVILLE , AL","5","18","2008",-86.621303,34.746432
"MADISON ","4010 HUNTERS RIDGE DRIVE 10 , HUNTSVILLE , AL","6","7","2008",-86.586371,34.678165
"MADISON ","216 BRIAR FORK DRIVE , HUNTSVILLE , AL","7","24","2008",-86.522345,34.841493
"MADISON ","11112 MEMORIAL PARKAWAY I2 , HUNTSVILLE , AL","10","27","2008",-86.566985,34.641209
"MADISON ","3118 DRAKE AVENUE , HUNTSVILLE , AL","10","27","2008",-86.608459,34.698243
"MADISON ","3608 CLOPTON STREET , HUNTSVILLE , AL","11","7","2008",-86.612417,34.700181
"MADISON ","118  HOLLINGTON ROAD  , HUNTSVILLE , AL","5","13","2010",-86.526336,34.766343
"MADISON ","1606  HOBBS ISLAND ROAD  , HUNTSVILLE , AL","5","30","2010",-86.534204,34.54445
"MADISON ","165 NORTH W. EMERT ROAD , HUNTSVILLE , AL","6","26","2012",-86.515615,34.800505
"MADISON ","819  GILES DRIVE , HUNTSVILLE , AL","6","27","2012",-86.554846,34.745986
"MADISON ","3216 NORTHWEST NORMANDALE DRIVE  , HUNTSVILLE , AL","9","5","2012",-86.579728,34.767209
"MADISON ","3012  JOHNSON ROAD 79 , HUNTSVILLE , AL","6","21","2013",-86.60459,34.690743
"MADISON ","2906  ACADEMY DRIVE 701 , HUNTSVILLE , AL","6","24","2013",-86.579136,34.761462
"MADISON ","111  WALKER AVENUE 806 , HUNTSVILLE , AL","8","20","2013",-86.586303,34.735288
"MADISON ","3800  SQUAL VALLEY 12-A , HUNTSVILLE , AL","9","3","2013",-86.531084,34.645769
"MADISON ","710  HUMES AVENUE  , HUNTSVILLE , AL","9","19","2013",-86.576564,34.74389
"MADISON ","100  MASTIN LAKE WAY 13 , HUNTSVILLE , AL","9","22","2013",-86.576,34.761782
"MADISON ","3784  UNIVERSITY DRIVE  BOX 1128 , HUNTSVILLE , AL","6","27","2014",-86.619975,34.735008
"MADISON ","1935  MEADOWBROOK DRIVE  BOX 1909 , HUNTSVILLE , AL","9","2","2014",-86.560042,34.63706
"MADISON ","4002  OFFUTT DRIVE , HUNTSVILLE , AL","12","2","2014",-86.608521,34.778496
"MADISON ","100 CARMINE CIR , MADISON , AL","9","30","2004",-86.750204,34.727527
"MADISON ","201 WATER HILL , MADISON , AL","9","24","2008",-86.723151,34.694722
"MADISON ","690  FALCON ROAD  , MADISON , AL","4","6","2009",-86.705225,34.715049
"MADISON ","1188 LOW GAP ROAD , NEW HOPE , AL","11","30","2006",-86.413894,34.595031
"MADISON ","531 OAK GROVE ROAD , NEW HOPE , AL","10","7","2008",-86.448043,34.535924
"MADISON ","288 BRIAN DRIVE 6 , TONEY , AL","12","8","2007",-86.6782,34.924759
"MADISON ","1169 OPP REYNOLDS ROAD , TONEY , AL","9","18","2008",-86.677852,34.918369
"MARION ","2610 STATE HIGHWAY 241 , BEAR CREEK , AL","3","10","2008",-87.740113,34.169343
"MARION ","301 KIMBRELL DR , BRILLIANT , AL","3","1","2004",-87.760354,34.021338
"MARION ","280 CARLEE ST 17 , BRILLIANT , AL","4","11","2004",-87.757938,34.025052
"MARION ","207 CROOK STREET 90 , BRILLIANT , AL","1","19","2008",-87.756249,34.026146
"MARION ","290 HOLCOMB STREET , BRILLIANT , AL","2","5","2008",-87.753544,34.022833
"MARION ","270 CO RD 59 , BRILLIANT , AL","5","30","2008",-87.692346,34.096269
"MARION ","130  ORCHARD LANE LANE  , BRILLIANT , AL","7","29","2010",-87.764634,34.021554
"MARION ","2785  COUNTY 70 HIGHWAY  , BRILLIANT , AL","12","9","2010",-87.724055,34.10566
"MARION ","407 FARRIS RD , ELDRIDGE , AL","2","23","2005",-87.644748,33.940589
"MARION ","407 FARRIS ROAD , ELDRIDGE , AL","8","17","2007",-87.644748,33.940589
"MARION ","358 HYW 44 , GUIN , AL","1","19","2006",-87.907664,33.967916
"MARION ","261 BURLESON ROAD , GUIN , AL","7","18","2006",-87.925534,33.968019
"MARION ","1215 SCUFFLEGRIT ROAD , GUIN , AL","4","6","2007",-87.878893,34.015285
"MARION ","6740 43 HIGHWAY LOT 12 , GUIN , AL","12","29","2007",-87.916576,33.966111
"MARION ","385 BURLESON ROAD 25 , GUIN , AL","1","30","2008",-87.925485,33.969197
"MARION ","179 STATE HWY 44 , GUIN , AL","2","13","2008",-87.908158,33.966197
"MARION ","2121 CO HWY 2 , GUIN , AL","3","5","2008",-87.936672,34.04726
"MARION ","1090 CO HWY 54 , GUIN , AL","3","19","2008",-87.91356,33.986775
"MARION ","170 OLD BLUFF ROAD , GUIN , AL","4","18","2008",-87.916748,33.954921
"MARION ","253 EAST 24TH AVENUE , GUIN , AL","9","18","2008",-87.918571,33.987578
"MARION ","5766 43 HIGHWAY , GUIN , AL","12","22","2008",-87.872794,33.954367
"MARION ","6186 COUNTY HWY 12 , HACKLEBURG , AL","7","5","2006",-87.82864,34.27732
"MARION ","355 MITCHELL LOOP LOOP , HACKLEBURG , AL","10","28","2006",-87.82864,34.27732
"MARION ","29745 STATE HIGHWAY 253 , HACKLEBURG , AL","1","2","2007",-87.82864,34.27732
"MARION ","37494 NORTH US HIGHWAY 43, HACKLEBURG , AL","4","26","2010",-87.82864,34.27732
"MARION ","4192  COUNTY ROAD 32, HACKLEBURG , AL","4","27","2010",-87.82864,34.27732
"MARION ","490  GREGG ROAD  , HACKLEBURG , AL","4","27","2010",-87.82864,34.27732
"MARION ","617 COUNTY LINE CHURCH ROAD , HALEYVILLE , AL","1","15","2008",-87.663151,34.262805
"MARION ","126 LOVELESS LANE , HALEYVILLE , AL","9","1","2008",-87.715033,34.158306
"MARION ","5203 NORTH 13 HIGHWAY , HALEYVILLE , AL","12","17","2008",-87.669825,34.243665
"MARION ","454  COUNTY HWY 76, HALEYVILLE , AL","6","12","2009",-87.642347,34.203837
"MARION ","107  13TH STREET  , HALEYVILLE , AL","4","5","2010",-87.634371,34.219984
"MARION ","261 OLD IVIE TRAIL , HAMILTON , AL","7","20","2006",-87.982044,34.12063
"MARION ","251 MAPLE LANE ROAD , HAMILTON , AL","10","23","2006",-87.947883,34.226479
"MARION ","280 ELGIN COCHRAN ROAD , HAMILTON , AL","10","10","2007",-87.905255,34.22974
"MARION ","1580 CO HWY 29 , HAMILTON , AL","12","7","2007",-87.992366,34.175701
"MARION ","163 ORANGE STREET , HAMILTON , AL","1","22","2008",-87.98878,34.127015
"MARION ","5880 COUNTY HIGHWAY 20 , HAMILTON , AL","1","28","2008",-87.98292,34.261403
"MARION ","188 NATIONAL AVENUE 1 , HAMILTON , AL","2","19","2008",-87.987733,34.125406
"MARION ","132 SUNFLOWER DRIVE , HAMILTON , AL","5","5","2008",-86.576779,31.871981
"MARION ","5704 29 HIGHWAY , HAMILTON , AL","10","5","2008",-87.987892,34.154823
"MARION ","3620 11 HIGHWAY , HAMILTON , AL","10","14","2008",-88.105443,34.231539
"MARION ","118 SUNRISE STREET , HAMILTON , AL","10","15","2008",-88.003087,34.147121
"MARION ","7120 CO HWY 56 HIGHWAY , HAMILTON , AL","11","19","2008",-88.097307,34.244084
"MARION ","164  CHESTNUT CIRCLE  , HAMILTON , AL","1","20","2010",-88.006392,34.153139
"MARION ","164  CHESTNUT CIRCLE  , HAMILTON , AL","1","20","2010",-88.006392,34.153139
"MARION ","1299  COUNTY HIGHWAY 51, HAMILTON , AL","5","27","2010",-87.926589,34.12487
"MARION ","9710 BANKHEAD HWY , WINFIELD , AL","3","17","2004",-87.691335,33.930659
"MARION ","270 CO ROAD 47 , WINFIELD , AL","7","5","2004",-87.930735,33.748993
"MARION ","5215 129 STATE N HWY , WINFIELD , AL","11","11","2004",-87.467083,33.709081
"MARION ","2256 STATE HWY 253 , WINFIELD , AL","9","8","2005",-87.83625,33.954589
"MARION ","6219 STATE HWY 129 , WINFIELD , AL","10","12","2005",-87.775422,33.980825
"MARION ","300 FAIRMONT LOOP , WINFIELD , AL","5","9","2006",-87.809239,33.927818
"MARION ","6219 ALABAMA I29 , WINFIELD , AL","6","28","2006",-87.818744,34.268737
"MARION ","507 MEADOWLARK ROAD , WINFIELD , AL","11","13","2006",-87.830337,33.938109
"MARION ","4048 COUNTY HWY 38 , WINFIELD , AL","8","20","2007",-87.751914,33.966223
"MARION ","445 HUBBERT DAIRY ROAD , WINFIELD , AL","11","8","2007",-87.84045,33.955166
"MARION ","370 ASHWOOD DRIVE , WINFIELD , AL","12","1","2008",-87.815021,33.933727
"MARSHALL ","4316 HWY 75 N , ALBERTVILLE , AL","2","12","2004",-86.268169,34.221444
"MARSHALL ","508 HAMBRICK RD , ALBERTVILLE , AL","2","13","2004",-86.213755,34.260784
"MARSHALL ","138 HAM RD , ALBERTVILLE , AL","2","22","2004",-86.225426,34.305585
"MARSHALL ","71 DENISE RD , ALBERTVILLE , AL","2","22","2004",-86.198995,34.265784
"MARSHALL ","3165 HUSTLEVILLE RD , ALBERTVILLE , AL","4","2","2004",-86.193002,34.319769
"MARSHALL ","911 HIGHLAND , ALBERTVILLE , AL","4","20","2004",-86.208395,34.280837
"MARSHALL ","451 ROSS NEELY , ALBERTVILLE , AL","5","6","2004",-86.132111,34.293807
"MARSHALL ","911 HIGHLAND ST , ALBERTVILLE , AL","6","11","2004",-86.208395,34.280837
"MARSHALL ","860  DOWMAN ROAD  , ALBERTVILLE , AL","12","22","2010",-86.16436,34.340358
"MARSHALL ","1763  OLD MCVILLE ROAD LOT 1 , ALBERTVILLE , AL","2","16","2011",-86.138702,34.263852
"MARSHALL ","1763  OLD MCVILLE ROAD LOT 1 , ALBERTVILLE , AL","2","16","2011",-86.138702,34.263852
"MARSHALL ","631 MAIN N ST , ARAB , AL","3","2","2004",-86.496594,34.305584
"MARSHALL ","1812 FRYGAP RD , ARAB , AL","4","29","2004",-86.469098,34.306175
"MARSHALL ","134 FOOTHILL CIR , ARAB , AL","7","2","2004",-86.516217,34.378744
"MARSHALL ","1891 FRIENDSHIP RD , ARAB , AL","11","4","2004",-86.476588,34.35009
"MARSHALL ","432 BOULDER RD , ARAB , AL","12","10","2004",-86.421135,34.341205
"MARSHALL ","785 MAIN S ST LOT. 20 , ARAB , AL","4","13","2005",-86.496893,34.303013
"MARSHALL ","3251  MT OAK ROAD  , ARAB , AL","1","9","2010",-86.549265,34.344807
"MARSHALL ","3251  MT OAK ROAD  , ARAB , AL","1","9","2010",-86.549265,34.344807
"MARSHALL ","254  MATT MORROW DRIVE  , ARAB , AL","4","12","2010",-86.516175,34.375588
"MARSHALL ","3041 MNT HEBRON N RD , BOAZ , AL","1","16","2004",-86.167598,34.575566
"MARSHALL ","1140 BETHSADIA RD , BOAZ , AL","2","4","2004",-86.147729,34.197967
"MARSHALL ","2190 OLD JORDAN RD , BOAZ , AL","3","11","2004",-86.27745,34.130282
"MARSHALL ","233 WHITAKEN DR , GRANT , AL","5","1","2004",-86.25332,34.5287
"MARSHALL ","85 LEE MASTER LN , GRANT , AL","1","30","2005",-86.327,34.461954
"MARSHALL ","3430 OLD NEW HOPE HIGHWAY , GRANT , AL","7","13","2005",-86.3854,34.495174
"MARSHALL ","154 WALKER ROAD , GRANT , AL","7","25","2008",-86.391353,34.47803
"MARSHALL ","2614 MERRELL MT ROAD , GRANT , AL","9","9","2008",-86.41494,34.472299
"MARSHALL ","1 CEDAR RIDGE DR B-8 , GUNTERSVILLE , AL","2","6","2004",-86.280219,34.302515
"MARSHALL ","214 WHITE CIR , GUNTERSVILLE , AL","5","12","2004",-86.262009,34.402118
"MARSHALL ","5277 ALABAMA HWY 79 NORTH HWY , GUNTERSVILLE , AL","11","8","2004",-86.260615,34.426681
"MARSHALL ","3440 CREEK CIRCLE , GUNTERSVILLE , AL","10","21","2008",-86.335588,34.318776
"MARSHALL ","1101  GROSS ROAD  , GUNTERSVILLE , AL","6","5","2009",-86.393845,34.410033
"MARSHALL ","588  WILLOW LAKE, GUNTERSVILLE , AL","8","3","2013",-86.272888,34.418483
"MARSHALL ","178 COVEY LN , HORTON , AL","2","24","2004",-86.295964,34.238649
"MARSHALL ","83882 US HWY 278 , HORTON , AL","2","11","2005",-86.446194,34.142471
"MARSHALL ","1916  BEARDEN ROAD  , HORTON , AL","6","3","2010",-86.345779,34.217375
"MARSHALL ","783 GREEN BRIAN GOVE S RD , UNION GROVE , AL","5","27","2004",-86.540413,34.443086
"MARSHALL ","14621 US HWY 231 HWY , UNION GROVE , AL","1","7","2005",-86.553575,34.449365
"MARSHALL ","1330 ALLEN CROSS ROAD , UNION GROVE , AL","10","3","2008",-85.878279,32.723939
"MOBILE ","1330 LYONS DR , AXIS , AL","2","10","2004",-88.02722,30.92991
"MOBILE ","10895  LONG ROAD  , AXIS , AL","5","12","2010",-88.02722,30.92991
"MOBILE ","619 HWY 43 , CHICKASAW , AL","10","4","2005",-88.07472,30.7638
"MOBILE ","19690  BUCK ROAD  , CITRONELLE , AL","7","21","2010",-88.27696,31.103504
"MOBILE ","9323  LAWSHE ROAD , CREOLA , AL","1","7","2012",-88.034994,30.885358
"MOBILE ","4875 WHIGHAM RD 2 , EIGHT MILE , AL","11","5","2004",-88.278979,32.171863
"MOBILE ","5512  A OLD CITRONELLE HIGHWAY  , EIGHT MILE , AL","7","17","2010",-88.221556,33.765746
"MOBILE ","7846 ROBERSON ST , IRVINGTON , AL","5","14","2004",-88.218166,30.527898
"MOBILE ","9898 SOUTH TAYLOR AVENUE  , IRVINGTON , AL","4","5","2010",-88.206129,30.485354
"MOBILE ","7600 TILLMAN RD , MOBILE , AL","2","4","2004",-88.197914,30.59844
"MOBILE ","9053 KEENE , MOBILE , AL","2","27","2004",-88.255141,30.715591
"MOBILE ","2716 DAUPHIN ISLAND PKWY 15 , MOBILE , AL","5","25","2004",-88.073675,30.616835
"MOBILE ","375 HILLCREST RD R 201 , MOBILE , AL","6","9","2004",-88.190643,30.681419
"MOBILE ","9611 NEW NECK RD C , MOBILE , AL","7","21","2004",-88.121298,30.761491
"MOBILE ","4312 HUNTINGTON DR , MOBILE , AL","8","9","2004",-88.205885,30.598028
"MOBILE ","5498 INN RD 111 , MOBILE , AL","8","25","2004",-88.103184,30.701142
"MOBILE ","5051 CAMALOT DR , MOBILE , AL","1","15","2005",-88.197646,30.585717
"MOBILE ","1019 SMITH AVE , MOBILE , AL","3","2","2005",-88.063672,30.592841
"MOBILE ","417 5TH AVENUE , MOBILE , AL","5","9","2007",-88.093791,30.764276
"MOBILE ","6300  OLD PASCAGOULA ROAD LOT A , MOBILE , AL","5","13","2009",-88.182171,30.581566
"MOBILE ","9218 SOUTH VALLARIS STREET  , MOBILE , AL","4","12","2010",-88.261347,30.718778
"MOBILE ","3320  HAMILTON BOULEVARD  , MOBILE , AL","5","6","2010",-88.104467,30.552239
"MOBILE ","7935 WEST SOUTHGATE DRIVE  , MOBILE , AL","7","7","2010",-88.228836,30.585408
"MOBILE ","485  FOSTER ROAD , MOBILE , AL","12","14","2011",-88.238379,30.700453
"MOBILE ","2449  KARAGAN DRIVE , MOBILE , AL","12","27","2011",-88.099044,30.657043
"MOBILE ","250  ANDRY ROAD  , MOUNT VERNON , AL","5","12","2010",-88.025673,31.029514
"MOBILE ","56 ORANGE AVE , SATSUMA , AL","1","3","2004",-88.058574,30.851505
"MOBILE ","6901 MCCRARY RD , SEMMES , AL","1","2","2004",-88.259689,30.831767
"MOBILE ","10561 SOUTH WULFF ROAD D , SEMMES , AL","3","2","2006",-88.284224,30.764072
"MOBILE ","5441 JEANETTE AVE , THEODORE , AL","5","20","2004",-88.168113,30.535037
"MOBILE ","5350  CAROL PLANTATION ROAD  , THEODORE , AL","5","4","2010",-88.182203,30.578678
"MOBILE ","10200  BEN HAMILTON ROAD , THEODORE , AL","12","21","2011",-88.283355,30.572969
"MOBILE ","3180 DIXIE RD , TURNERVILLE , AL","2","19","2004",-88.12917,30.97852
"MOBILE ","12354  DANNER ROAD  , WILMER , AL","5","3","2010",-88.337388,30.829967
"MOBILE ","8841  LOTT ROAD 18 , WILMER , AL","7","16","2010",-88.27133,30.877062
"MOBILE ","11581 NORTH GLENWOOD CIRCLE ROAD  , WILMER , AL","8","5","2010",-88.316915,30.799561
"MOBILE ","8920  TRACE LANE , WILMER , AL","12","29","2011",-87.46669,30.390559
"MOBILE ","62 11TH AVE , , AL","6","6","2005",-85.327001,31.328535
"MONTGOMERY ","325 THIRD STREET , MONTGOMERY , AL","3","17","2005",-86.280428,32.428816
"MONTGOMERY ","6868  BROWNWOOD LANE  , MONTGOMERY , AL","4","16","2010",-86.177425,32.386147
"MONTGOMERY ","710  CENTRAL STREET  , MONTGOMERY , AL","6","6","2010",-86.318438,32.359643
"MONTGOMERY ","2501  PLUM STREET  , MONTGOMERY , AL","6","30","2010",-86.275309,32.371226
"MONTGOMERY ","2044  AMOS STREET  , MONTGOMERY , AL","7","7","2010",-86.275809,32.400913
"MONTGOMERY ","5026 MOORE RD , PINE LEVEL , AL","7","30","2004",-86.069262,31.41668
"MORGAN ","128 RYAN LOOP ROAD , BAILEYTON , AL","11","9","2007",-86.626309,34.361095
"MORGAN ","622 HOLCOMB ROAD , BAILEYTON , AL","7","29","2008",-86.661201,34.307678
"MORGAN ","5111 WILLOW BEND RD , DECATUR , AL","3","18","2004",-86.922157,34.508043
"MORGAN ","63 MARCO DR 224 , DECATUR , AL","6","3","2004",-86.90116,34.531522
"MORGAN ","4963 LUXER SE RD , DECATUR , AL","3","28","2005",-87.011052,34.608016
"MORGAN ","1451 NEW CENTER RD , DECATUR , AL","5","13","2005",-86.899397,34.535077
"MORGAN ","3312 UPPER RIVER E RD , DECATUR , AL","6","4","2005",-86.90911,34.54442
"MORGAN ","134 SOUTHWEST MCENTIRE LANE B14 , DECATUR , AL","3","28","2006",-87.035167,34.590891
"MORGAN ","14 BIG SKY PVT DRIVE , DECATUR , AL","7","11","2006",-86.977508,34.508246
"MORGAN ","929 SOUTHWEST VESTAVIA DRIVE , DECATUR , AL","11","28","2007",-87.02053,34.54603
"MORGAN ","215 SOUTHWEST DEER SPRINGS ROAD , DECATUR , AL","7","21","2008",-86.977884,34.50755
"MORGAN ","907 SOUTHWEST ELEANOR STREET , DECATUR , AL","10","17","2008",-87.00048,34.582351
"MORGAN ","215 DEER SPRINGS ROAD , DECATUR , AL","12","8","2008",-86.977884,34.50755
"MORGAN ","3531  U.S. HIGHWAY 315, DECATUR , AL","4","23","2009",-87.655802,34.891027
"MORGAN ","1001  BETTY STREET  , DECATUR , AL","6","9","2009",-87.003538,34.577235
"MORGAN ","2157  WESTMEADE DRIVE  , DECATUR , AL","2","13","2010",-87.023505,34.577794
"MORGAN ","2157  WESTMEADE DRIVE  , DECATUR , AL","2","13","2010",-87.023505,34.577794
"MORGAN ","183  RED BUD LANE BOX 183 , DECATUR , AL","7","26","2012",-86.845397,34.538096
"MORGAN ","87  ROBERTS ROAD , DANVILLE , AL","7","21","2014",-87.068218,34.470741
"MORGAN ","1015 DANIELS CHAPEL RD , EVA , AL","1","11","2006",-86.716419,34.333807
"MORGAN ","196 JAMES FOWLER ROAD RD , EVA , AL","4","6","2006",-86.743241,34.313631
"MORGAN ","202 BETHEL CHURCH ROAD , EVA , AL","8","26","2006",-86.683271,34.323356
"MORGAN ","747 KELLER HOLLOW ROAD , EVA , AL","4","17","2008",-86.695299,34.3208
"MORGAN ","5811 EAST HIGHWAY 55, EVA , AL","6","29","2010",-86.790891,34.33929
"MORGAN ","23 BELL SPRINGS RD 1 , FALKVILLE , AL","1","7","2004",-86.911968,34.31743
"MORGAN ","1448 BERT STINSON ROAD , FALKVILLE , AL","8","3","2008",-86.827162,34.374692
"MORGAN ","150 HAND ROAD , FALKVILLE , AL","10","8","2008",-86.910213,34.322088
"MORGAN ","49  WILHITE ROAD  , FALKVILLE , AL","5","5","2010",-86.832126,34.352675
"MORGAN ","1825 PEACH ORCHARD RD , HARTSELLE , AL","5","3","2004",-86.945352,34.463827
"MORGAN ","592 CEDAR COVE S RD , HARTSELLE , AL","7","17","2004",-86.922703,34.440285
"MORGAN ","67 FOREST CHAPPEL RD , HARTSELLE , AL","8","11","2004",-86.99755,34.44307
"MORGAN ","339 CHURCH E RD , HARTSELLE , AL","10","18","2004",-86.847967,34.470598
"MORGAN ","806 HODGES NW ST , HARTSELLE , AL","12","12","2004",-86.946571,34.444167
"MORGAN ","199 MAYFIELD RD , HARTSELLE , AL","1","3","2005",-86.879224,34.458023
"MORGAN ","1508 RUSTIC LN 201 , HARTSELLE , AL","3","16","2005",-86.967849,34.433693
"MORGAN ","1150 RAILROAD N ST , HARTSELLE , AL","4","28","2005",-86.914651,34.458832
"MORGAN ","4120 BARKLEY BRIDGE ROAD , HARTSELLE , AL","5","22","2006",-86.969153,34.389833
"MORGAN ","610 TALL PINE ROAD , HARTSELLE , AL","2","27","2007",-86.858477,34.481042
"MORGAN ","310 SOUTHWEST GILCRIST STREET , HARTSELLE , AL","5","9","2007",-87.096239,34.850698
"MORGAN ","4198 BARKLEY BRIDGE ROAD , HARTSELLE , AL","10","14","2007",-86.96923,34.387558
"MORGAN ","141 MAZE DRIVE , HARTSELLE , AL","2","7","2008",-86.859739,34.47007
"MORGAN ","1903 PINEHURST STREET , HARTSELLE , AL","3","12","2008",-86.929795,34.423725
"MORGAN ","55 TERRY ROAD , HARTSELLE , AL","4","12","2008",-86.858808,34.464589
"MORGAN ","1004 MTWEDE STREET #9 , HARTSELLE , AL","5","23","2008",NA,NA
"MORGAN ","110 BOOTH STREET , HARTSELLE , AL","6","19","2008",-86.930335,34.434984
"MORGAN ","500 SOUTHEAST HAMMITT STREET , HARTSELLE , AL","9","20","2008",-86.932262,34.442448
"MORGAN ","2817 WEST 36 HIGHWAY , HARTSELLE , AL","10","23","2008",-87.003219,34.440413
"MORGAN ","912  GARDEN STREET  , HARTSELLE , AL","4","17","2010",-86.949906,34.439339
"MORGAN ","315  GILCHRIST STREET  , HARTSELLE , AL","5","7","2010",-86.927728,34.41783
"MORGAN ","1141 NORTH CEDAR COVE ROAD  , HARTSELLE , AL","5","19","2010",-86.830522,34.416576
"MORGAN ","APT 21  LONG HORN PASS 603 , HARTSELLE , AL","5","28","2010",-86.939619,34.449788
"MORGAN ","1805  HWY 36 HIGHWAY  , HARTSELLE , AL","6","17","2013",-86.974473,34.441226
"MORGAN ","72  LOCKHART ROAD , HARTSELLE , AL","6","25","2014",-86.88781,34.450301
"MORGAN ","3776  HIGHWAY 31 S HIGHWAY , HARTSELLE , AL","7","9","2014",-86.92475,34.419702
"MORGAN ","34  CARDINAL ROAD , HARTSELLE , AL","8","19","2014",-86.854907,34.45892
"MORGAN ","803  LOGWOOD ROAD , HARTSELLE , AL","3","18","2015",-86.952223,34.437109
"MORGAN ","109  STEWART STREET , HARTSELLE , AL","9","10","2015",-86.939452,34.441613
"MORGAN ","1117 S PATTILLO STREET , HARTSELLE , AL","12","31","2015",-86.941883,34.43389
"MORGAN ","5753 APPLE GROVE RD , JOPPA , AL","8","13","2007",-86.611671,34.356136
"MORGAN ","497 MARTIN ROAD , JOPPA , AL","1","11","2010",-86.503862,34.116877
"MORGAN ","432  BALLDIAMOND ROAD  , JOPPA , AL","1","11","2010",-86.596182,34.344119
"MORGAN ","432  BALLDIAMOND ROAD  , JOPPA , AL","4","11","2005",-86.596182,34.344119
"MORGAN ","43 SCHOOL RD , LACEYS SPRING , AL","11","26","2006",-86.604371,34.532856
"MORGAN ","470 BUSTER OWEN ROAD , LACEYS SPRING , AL","5","25","2007",-86.627527,34.475744
"MORGAN ","470 BUSTER OWEN ROAD , LACEYS SPRING , AL","10","7","2007",-86.627527,34.475744
"MORGAN ","216 GLENGARRY DRIVE , LACEYS SPRING , AL","11","10","2007",-86.607856,34.550312
"MORGAN ","63 RIVERDALE ROAD , LACEYS SPRING , AL","3","9","2008",-86.555911,34.557221
"MORGAN ","69 COFFEE BLUFF ROAD , LACEYS SPRING , AL","5","14","2009",-86.553271,34.553075
"MORGAN ","100 NORTHEAST MORRIS ROAD  , LACEYS SPRING , AL","5","17","2009",-86.609306,34.552563
"MORGAN ","63 EAST CHELSEA CIRCLE  , LACEYS SPRING , AL","4","3","2014",-86.605448,34.551601
"MORGAN ","39  VANDSANDT ROAD , LACEYS SPRING , AL","4","28","2010",-86.233555,33.171228
"MORGAN ","201  WATERHILL ROAD K 15 , MADISON , AL","12","12","2004",-86.723151,34.694722
"MORGAN ","622 TALL PINES RD , PRICEVILLE , AL","4","20","2004",-86.677093,34.408719
"MORGAN ","7727 WEST POINT RD , SOMERVILLE , AL","1","27","2005",-86.683174,34.42844
"MORGAN ","1167 CHARIST RD , SOMERVILLE , AL","4","13","2005",-86.745179,34.540355
"MORGAN ","1167 CHERISH RD , SOMERVILLE , AL","5","27","2005",-87.04212,32.566929
"MORGAN ","8 ROSEMONT DR , SOMERVILLE , AL","9","6","2005",-86.798012,34.467784
"MORGAN ","5083 HWY 36 E , SOMERVILLE , AL","9","10","2006",-86.711508,34.464796
"MORGAN ","595 CHAREST ROAD , SOMERVILLE , AL","2","10","2010",-86.755577,34.528439
"MORGAN ","1066  ANTIOCH ROAD  , SOMERVILLE , AL","2","10","2010",-86.737778,34.475754
"MORGAN ","1066  ANTIOCH ROAD  , SOMERVILLE , AL","5","26","2010",-86.737778,34.475754
"MORGAN ","  SUNVALLEY DRIVE 21 , SOMERVILLE , AL","7","7","2014",-86.839916,34.491391
"MORGAN ","1269  CHAREST ROAD , SOMERVILLE , AL","9","18","2013",-86.741617,34.540525
"MORGAN ","1661  BLUFF CITY ROAD , SOMERVILLE , AL","11","1","2015",-86.792049,34.518808
"MORGAN ","3438  GORDON TERRY PKWY PARKWAY  , TRINITY , AL","8","12","2005",-87.066654,34.585684
"MORGAN ","110 PRINCE RD , UNION GROVE , AL","7","9","2004",-86.616473,34.447029
"PICKENS ","367 PHILLIPS RD , GORDO , AL","4","5","2004",-87.848883,33.304425
"PICKENS ","3949 CO RD 59 , KENNEDY , AL","10","26","2004",-87.923482,33.521709
"PICKENS ","234 CHICKEN HOUSE RD , REFORM , AL","8","26","2004",-88.025378,33.443908
"PIKE ","COUNTY ROAD 3339 LOT1-2 , BRUNDIDGE , AL","6","30","2006",-85.818674,31.670803
"PIKE ","937 CO RD 107 , BRUNDIDGE , AL","8","11","2004",-85.876177,31.606956
"PIKE ","1101 SHELHORN RD 258 , TROY , AL","10","20","2004",-86.933258,34.043363
"PIKE ","5376 1101 COUNTY RD 5376 , TROY , AL","4","16","2009",-85.979856,31.804991
"PIKE ","131  CHILDS ROAD  , TROY , AL","3","29","2005",-85.99494,31.855947
"RUSSELL ","4599 WEST US HWY 80 , PHENIX CITY , AL","5","3","2006",-86.75026,32.75041
"RUSSELL ","233 DEBBIE COURT , PHENIX CITY , AL","5","11","2006",-86.75026,32.75041
"RUSSELL ","1508 21ST STREET , PHENIX CITY , AL","5","18","2006",-86.75026,32.75041
"RUSSELL ","28 LITTLE LOOP , PHENIX CITY , AL","5","19","2009",-86.75026,32.75041
"RUSSELL ","4249 WEST 80 HIGHWAY 1722 , PHENIX CITY , AL","1","3","2010",-86.75026,32.75041
"RUSSELL ","4042  HWY 80, PHENIX CITY , AL","1","3","2010",-86.75026,32.75041
"RUSSELL ","4042  HWY 80, PHENIX CITY , AL","5","23","2010",-86.75026,32.75041
"RUSSELL ","7  WILLIE DRIVE  , PHENIX CITY , AL","4","8","2009",-86.75026,32.75041
"RUSSELL ","96  FLOURNDY ROAD  , SALEM , AL","4","2","2009",-85.217224,32.580449
"SHELBY ","108 CAPE COD CIR , ALABASTER , AL","12","8","2010",-86.830458,33.265497
"SHELBY ","631 NORTHEAST 2ND STREET  , ALABASTER , AL","4","7","2010",-86.819197,33.242328
"SHELBY ","364  CAMDEN COVE  , CALERA , AL","4","13","2010",-86.757719,33.120247
"SHELBY ","1655  HIAWATHA ROAD  , CALERA , AL","7","13","2010",-86.672234,33.074656
"SHELBY ","156  FOUNDRY ROAD  , CALERA , AL","8","13","2013",-86.742047,33.100439
"SHELBY ","1398  9TH AVE, CALERA , AL","4","8","2005",-86.75538,33.107128
"SHELBY ","3662 WESTOVER E RD , HARPERSVILLE , AL","6","15","2009",-86.523987,33.356402
"SHELBY ","200  LONELY OAK DRIVE  , HARPERSVILLE , AL","4","28","2010",-86.439094,33.313146
"SHELBY ","198  LARKIN LANE  , HARPERSVILLE , AL","5","20","2010",-86.408199,33.329872
"SHELBY ","50  DUSTY WAY 11 , HARPERSVILLE , AL","4","18","2015",-86.451085,33.281571
"SHELBY ","556  FARMINGDALE , HARPERSVILLE , AL","6","4","2009",-86.447902,33.335226
"SHELBY ","212  LEES COVE, HELENA , AL","5","5","2010",-86.852877,33.284006
"SHELBY ","7269  HIGHWAY 10, MONTEVALLO , AL","3","11","2014",-86.949054,33.157908
"SHELBY ","22  ARWOOD DR, MONTEVALLO , AL","4","16","2007",-86.87284,33.158295
"SHELBY ","1473 KELLY DRIVE , PELHAM , AL","9","9","2013",-86.771529,33.281447
"SHELBY ","1902  HIGHWAY 31 SOUTH  427 , PELHAM , AL","4","28","2005",-86.796003,33.346063
"SHELBY ","29 HICKORY HILLS LN , SHELBY , AL","6","29","2010",-86.558052,33.026217
"SHELBY ","30  LAKE DRIVE  , SHELBY , AL","6","13","2011",-86.501198,33.107538
"SHELBY ","145  CRIPPLE CREEK LANE  , STERRETT , AL","6","10","2010",-86.520545,33.457671
"SHELBY ","390  EDGELAND ROAD  , VANDIVER , AL","6","10","2010",-86.489225,33.490379
"SHELBY ","543  COUNTY ROAD 480, VANDIVER , AL","8","3","2010",-86.51162,33.484374
"SHELBY ","132  ROLLING MEADOWS LANE  , VINCENT , AL","8","27","2005",-86.418395,33.369544
"SHELBY ","115 CHEROKEE S LN , WILSONVILLE , AL","9","12","2013",-86.469563,33.213433
"SHELBY ","99  BUSTER DR DRIVE  , WILSONVILLE , AL","7","25","2010",-87.189027,33.635179
"ST. CLAIR ","291  ST SMITH CIRCLE  , CROPWELL , AL","5","10","2009",-86.30196,33.51862
"ST. CLAIR ","1832  ASHVILLE ROAD  , LEEDS , AL","7","21","2005",-86.52197,33.563529
"St. Clair ","3108 6TH NORTH E ST , PELL CITY , AL","7","17","2010",-86.285773,33.580946
"ST. CLAIR ","1700 SOUTH 25TH STREET  , PELL CITY , AL","6","17","2010",-86.270013,33.570126
"ST. CLAIR ","8726  COUNTY ROAD 26, RAGLAND , AL","10","9","2004",-86.100113,33.755134
"St. Clair ","160 HONEY SUCKLE WAY , RIVERSIDE , AL","4","27","2010",-86.239107,33.603474
"ST. CLAIR ","6515  COUNTY ROAD 31, SPRINGVILLE , AL","5","12","2008",-86.363443,33.812082
"TALLADEGA ","5 PLEASURE POINT ROAD , ALPINE , AL","5","11","2005",-86.233878,33.403969
"TALLADEGA ","1265 14TH SE ST , CHILDERSBURG , AL","12","21","2007",-86.755381,33.10328
"TALLADEGA ","174 PARK LANE , CHILDERSBURG , AL","7","27","2004",-86.359504,33.269951
"TALLADEGA ","94 COUNTRY LN , EASTABOGA , AL","5","28","2008",-85.948395,33.582815
"TALLADEGA ","3712 RICHEYTOWN ROAD , EASTABOGA , AL","11","19","2008",-85.952919,33.570682
"TALLADEGA ","3184 RICHEYTOWN ROAD , EASTABOGA , AL","9","10","2007",-85.959081,33.56822
"TALLADEGA ","226 BUCKHORN ROAD , MUNFORD , AL","3","6","2008",-85.850093,33.570263
"TALLADEGA ","3499 MCELDERRY ROAD , MUNFORD , AL","4","15","2008",-85.976048,33.486053
"TALLADEGA ","46640 NORTH 21 HIGHWAY , MUNFORD , AL","5","30","2008",-85.905198,33.544257
"TALLADEGA ","3499 MCELDERRY ROAD , MUNFORD , AL","6","18","2008",-85.976048,33.486053
"TALLADEGA ","46640 HWY 21 , MUNFORD , AL","10","15","2008",-85.905198,33.544257
"TALLADEGA ","215 LANDERS LOOP , OAK GROVE , AL","8","12","2008",-86.293901,33.182305
"TALLADEGA ","4659 MCINTOSH ROAD , OXFORD , AL","4","3","2010",-85.83496,33.61427
"TALLADEGA ","787  HJ BENTLEY PARKWAY  , OXFORD , AL","12","8","2004",-85.83496,33.61427
"TALLADEGA ","796 HEASLETTS RD , SYLACAUGA , AL","5","3","2006",-86.455917,33.191967
"TALLADEGA ","602 NEW COUNTY LINE RD. , SYLACAUGA , AL","5","19","2007",-86.284978,33.129342
"TALLADEGA ","201 SOUTH DAVIS AVENUE , SYLACAUGA , AL","9","18","2007",-86.260077,33.163733
"TALLADEGA ","35984 280 HIGHWAY , SYLACAUGA , AL","2","28","2008",-86.345064,33.256397
"TALLADEGA ","1170 HOUSTON ROAD , SYLACAUGA , AL","7","7","2008",-86.260643,33.102289
"TALLADEGA ","3241 NORTH ODENA ROAD , SYLACAUGA , AL","9","16","2008",-86.264032,33.253411
"TALLADEGA ","35351 HWY 280 HIGHWAY , SYLACAUGA , AL","10","15","2008",-86.335933,33.244176
"TALLADEGA ","779 SPRINGVALLEY ROAD , SYLACAUGA , AL","10","24","2008",-86.261749,33.200796
"TALLADEGA ","35351 280 HIGHWAY , SYLACAUGA , AL","4","30","2009",-86.345064,33.256397
"TALLADEGA ","411 WEST WALNUT AVENUE  , SYLACAUGA , AL","1","12","2010",-86.257536,33.163823
"TALLADEGA ","46  DIVISION STREET  , SYLACAUGA , AL","1","12","2010",-86.256778,33.189664
"TALLADEGA ","46  DIVISION STREET  , SYLACAUGA , AL","1","28","2010",-86.256778,33.189664
"TALLADEGA ","26  RUTH CIRCLE  , SYLACAUGA , AL","1","28","2010",-86.251642,33.185695
"TALLADEGA ","26  RUTH CIRCLE  , SYLACAUGA , AL","1","19","2011",-86.251642,33.185695
"TALLADEGA ","65  WAGON WHEEL LANE  , SYLACAUGA , AL","7","14","2011",-86.285051,33.188355
"TALLADEGA ","217  SMITH AVENIDA  , SYLACAUGA , AL","4","10","2008",-86.264929,33.171596
"TALLADEGA ","1599 IRONATON ROAD , TALLADEGA , AL","7","21","2008",-86.040722,33.440515
"TALLADEGA ","211 CAROUSEL LANE , TALLADEGA , AL","8","5","2008",-86.093705,33.491185
"TALLADEGA ","209 WEST NORTH STREET 3 , TALLADEGA , AL","3","6","2005",-86.099237,33.436107
"TALLAPOOSA ","278 TOMLIN RD , DADEVILLE , AL","4","16","2007",-85.770087,32.908138
"TALLAPOOSA ","7611 LOVELADY ROAD , DADEVILLE , AL","6","25","2008",-85.846876,32.682848
"TALLAPOOSA ","274 SUNSET LANE , DADEVILLE , AL","5","5","2008",-85.760659,32.737127
"TUSCALOOSA ","13540 ORANGEWOOD DRIVE , COKER , AL","1","17","2008",-87.647853,33.262771
"TUSCALOOSA ","6260 EAST 18TH STREET , COTTONDALE , AL","3","24","2008",-87.453104,33.191039
"TUSCALOOSA ","10494 CEADR COVE DRIVE , COTTONDALE , AL","6","16","2008",-87.306723,33.177317
"TUSCALOOSA ","1636 PRUDES MILL ROAD , COTTONDALE , AL","9","12","2008",-87.443227,33.199672
"TUSCALOOSA ","2600 CLEMENTS ROAD LOT 3A , COTTONDALE , AL","5","5","2010",-87.44363,33.183441
"TUSCALOOSA ","6646  SHADOW RIDGE LANE  , COTTONDALE , AL","7","15","2011",-87.449024,33.168547
"TUSCALOOSA ","7175  SPRING DRIVE  , COTTONDALE , AL","2","12","2005",-87.4456,33.188934
"TUSCALOOSA ","3750 BEAR RIDGE RD , DUNCANVILLE , AL","12","14","2007",-87.476236,33.136242
"TUSCALOOSA ","7300 BRADLEY ROAD , DUNCANVILLE , AL","8","15","2012",-87.474876,33.137966
"TUSCALOOSA ","11637  KIRBY WYATT DRIVE  , MOUNDVILLE , AL","3","19","2008",-87.577665,33.046348
"TUSCALOOSA ","3943 VINTAGE LANE , NORTHPORT , AL","7","27","2011",-87.597222,33.278115
"TUSCALOOSA ","16065  ACKER SOUR ROAD  , NORTHPORT , AL","6","12","2004",-87.693509,33.352773
"TUSCALOOSA ","1206 BEAR CREEK E RD LOT 109 , TUSCALOOSA , AL","1","7","2008",-87.522635,33.130273
"TUSCALOOSA ","1531 24TH STREET , TUSCALOOSA , AL","4","28","2009",-87.55804,33.189671
"TUSCALOOSA ","4406  RICE MINE ROAD  , TUSCALOOSA , AL","7","21","2011",-87.530696,33.228861
"TUSCALOOSA ","20506  ARLO DRIVE  , TUSCALOOSA , AL","7","19","2008",-87.616169,33.170238
"TUSCALOOSA ","11054 WILL WALKER ROAD , VANCE , AL","8","25","2008",-87.257182,33.194338
"TUSCALOOSA ","11213 HEN SMITH ROAD , VANCE , AL","6","15","2004",-87.279832,33.155952
"WALKER ","266 AULTMAN RD , CARBON HILL , AL","1","5","2005",-87.586361,33.935098
"WALKER ","290 HOLCOMB ST , CARBON HILL , AL","2","11","2008",-87.753544,34.022833
"WALKER ","2554 RIPLEY ROAD , CARBON HILL , AL","7","16","2010",-87.444619,33.907959
"WALKER ","981 NORTHEAST 2ND AVENUE  , CARBON HILL , AL","11","6","2007",-87.538201,33.887485
"WALKER ","122 HOLLY ROAD , CORDOVA , AL","5","29","2008",-87.119008,33.807477
"WALKER ","369 FIRETOWER ROAD , CORDOVA , AL","7","16","2010",-87.117128,33.800665
"WALKER ","439  STEWART STREET  , CORDOVA , AL","7","24","2010",-87.191331,33.767026
"WALKER ","174  NASHUA CIRCLE  , CORDOVA , AL","5","29","2008",-87.190707,33.760304
"WALKER ","66 WOLF STREET , DORA , AL","7","8","2010",-87.095012,33.727934
"WALKER ","3895  HULL ROAD  , EMPIRE , AL","1","28","2004",-87.053442,33.806661
"WALKER ","751 ANDERSON RD , JASPER , AL","2","12","2004",-87.360098,33.927326
"WALKER ","7738 OK/BIRMINGHAM HWY , JASPER , AL","10","11","2005",-87.212834,33.82222
"WALKER ","1156 BCKWELL LP , JASPER , AL","5","13","2009",-87.462961,33.533113
"WALKER ","1205  BRAKEFIELD DAIRY ROAD  , JASPER , AL","5","11","2010",-87.288299,33.865446
"WALKER ","6456  OLD TUSCALOOSA ROAD  , JASPER , AL","7","10","2010",-87.309737,33.782344
"WALKER ","437  HAMBRIC ROAD  , JASPER , AL","12","4","2010",-87.163321,33.825682
"WALKER ","122  HARVEST CIRCLE  , JASPER , AL","12","4","2010",-87.263552,33.879773
"WALKER ","144  HARVEST CIRCLE 50 , JASPER , AL","6","5","2008",-87.26357,33.879601
"WALKER ","6670 DOGTOWN ROAD , NAUVOO , AL","11","14","2008",-87.573588,33.954881
"WALKER ","263 GERMAN ROAD , NAUVOO , AL","6","20","2010",-87.489842,33.945885
"WALKER ","6395  DOGTOWN ROAD  , NAUVOO , AL","7","23","2010",-87.571584,33.952635
"WALKER ","3770  REDMILL SARAGOSSA ROAD  , NAUVOO , AL","1","3","2004",-87.390948,33.896076
"WALKER ","105 WOLF CREEK RD , OAKMAN , AL","7","16","2010",-87.470774,33.709401
"WALKER ","720  MOCKINGBIRD HILL ROAD  , OAKMAN , AL","4","2","2004",-87.385276,33.752069
"WALKER ","71 ANITA LN , PARRISH , AL","5","30","2010",-87.299154,33.728467
"WALKER ","4613  OLD OAKMAN PARRISH ROAD  , PARRISH , AL","12","7","2010",-87.332023,33.721011
"WALKER ","203  CRANE CREEK LANE  , QUINSEY , AL","1","30","2008",-85.3803,31.234689
"WALKER ","79 REEDS FERRY ROAD , QUINTON , AL","1","14","2008",-87.090243,33.657365
"WALKER ","1932 HULL ROAD , SUMITON , AL","1","15","2008",-87.054464,33.783175
"WINSTON ","12527 POUNDERS , HALEYVILLE , AL","6","17","2008",-87.605513,34.233077
"WINSTON ","2400 14TH AVENUE , HALEYVILLE , AL","9","9","2008",-87.616531,34.230323
"WINSTON ","1330 22ND STREET , HALEYVILLE , AL","11","8","2008",-87.618366,34.228586
"WINSTON ","524 21ST STREET , HALEYVILLE , AL","1","11","2010",-87.627502,34.227961
"WINSTON ","710  5TH AVENUE  , HALEYVILLE , AL","1","11","2010",-87.633153,34.211531
"WINSTON ","710  5TH AVENUE  , HALEYVILLE , AL","5","30","2010",-87.633153,34.211531
"WINSTON ","2240  HOGGA RIDGE ROAD  , HALEYVILLE , AL","",NA,NA,-87.273309,33.873751
