"COUNTY","FullAddress","Month","Date","Year","lon","lat"
"ADAMS ","2718 250TH N AVE , BEVERLY , IL","6","22","2005",-90.990672,39.793777
"ADAMS ","200 NORTH ADAMS STREET , CLAYTON , IL","1","8","2006",-90.961844,40.032374
"ADAMS ","1997 NORTH 1650TH, COLUMBUS , IL","5","24","2009",-90.837904,40.524376
"ADAMS ","2647 3000TH E ST , LA PRAIRIE , IL","2","9","2005",-90.93165,40.140887
"ADAMS ","7432347 EAST 2200, LIBERTY , IL","6","3","2009",-91.087773,39.932204
"ADAMS ","844 3000TH AVENUE N , MENDON , IL","2","15","2006",-91.316775,40.195471
"ADAMS ","2534 CHERRY , QUINCY , IL","1","23","2004",-91.375539,39.943998
"ADAMS ","626 MAINE ST A , QUINCY , IL","2","11","2004",-91.40635,39.931838
"ADAMS ","1114 7TH N , QUINCY , IL","2","19","2004",-91.404692,39.944546
"ADAMS ","115 RIVERVIEW ST , QUINCY , IL","2","22","2004",-91.414589,39.951661
"ADAMS ","1036 NORTH 10TH , QUINCY , IL","7","21","2004",-91.400025,39.943494
"ADAMS ","827 VAN BUREN , QUINCY , IL","9","17","2004",-91.402908,39.914782
"ADAMS ","705 REAR 7TH ST , QUINCY , IL","10","19","2004",-91.404813,39.939439
"ADAMS ","2000 BLICKS VILLAGE , QUINCY , IL","12","7","2004",-91.418415,39.907213
"ADAMS ","1511 6TH S ST , QUINCY , IL","3","9","2005",-91.40747,39.913458
"ADAMS ","1213 8TH ST , QUINCY , IL","3","19","2005",-91.403473,39.945768
"ADAMS ","1709 MONROE ST , QUINCY , IL","5","17","2005",-91.388521,39.918422
"ADAMS ","1217 12TH ST , QUINCY , IL","9","2","2005",-91.395152,39.989332
"ADAMS ","1116 RIM ROAD LOT #4 , QUINCY , IL","1","6","2006",1.5,44.5
"ADAMS ","1217 SOUTH 12TH STREET , QUINCY , IL","1","10","2006",-91.396335,39.916965
"ADAMS ","1121 10TH N ST , QUINCY , IL","1","18","2006",-91.39977,39.918212
"ADAMS ","842 603RD LANE N , QUINCY , IL","2","15","2006",-91.398426,40.034911
"ADAMS ","215 CHERRY ST , QUINCY , IL","2","16","2006",-91.413044,39.944552
"ADAMS ","6218 BROADWAY E 2 , QUINCY , IL","3","4","2006",-91.315784,39.934749
"ADAMS ","233 LOCUST ST , QUINCY , IL","3","13","2006",-91.41273,39.950595
"ADAMS ","6111 HICKORY GROVE NORTH , QUINCY , IL","7","11","2006",-91.318048,39.937108
"ADAMS ","528 1/2 NORTH 8TH STREET , QUINCY , IL","10","7","2006",-91.403323,39.931886
"ADAMS ","3524 NORTH 12TH STREET , QUINCY , IL","11","22","2006",-91.396237,39.974579
"ADAMS ","1722 NORTH 12TH , QUINCY , IL","11","14","2008",-91.396446,39.952796
"ADAMS ","1100 SOUTH 24TH, QUINCY , IL","5","29","2009",-91.409928,39.944434
"ADAMS ","2000  BONASINGA, QUINCY , IL","5","29","2009",-91.385695,39.931138
"ADAMS ","2512  HURLEY, QUINCY , IL","6","8","2009",-91.375846,39.947223
"ADAMS ","5333  ELLINGTON, QUINCY , IL","1","2","2010",-91.330394,39.978699
"ADAMS ","515  ADAMS, QUINCY , IL","3","12","2010",-91.408366,39.917375
"ADAMS ","404  STATE, QUINCY , IL","3","29","2010",-91.41008,39.926586
"ADAMS ","625 NORTH 5TH, QUINCY , IL","3","29","2010",-91.408419,39.938532
"ADAMS ","5023 WEST PARADISE, QUINCY , IL","3","30","2010",-91.390954,39.992498
"ADAMS ","328  ROYAL OAKS, QUINCY , IL","5","1","2010",-91.308032,39.93368
"ADAMS ","2531  WEST VALLEY VIEW, QUINCY , IL","8","31","2010",-91.410864,39.961842
"ADAMS ","500  MAINE, QUINCY , IL","9","20","2010",-91.408446,39.931927
"ADAMS ","4821  OAK , QUINCY , IL","5","1","2015",-91.334169,39.937532
"ADAMS ","1604  JEFFERSON , QUINCY , IL","6","21","2015",-91.390195,39.920832
"ADAMS ","219 S 11TH , QUINCY , IL","6","17","2015",-91.398205,39.930322
"ADAMS ","339  SCENIC , QUINCY , IL","6","16","2015",-91.40861,39.952957
"ADAMS ","606 N 6TH , QUINCY , IL","6","24","2015",-91.406625,39.938303
"ADAMS ","830 N 22ND , QUINCY , IL","6","8","2015",-91.380945,39.94078
"ADAMS ","901  JOSHUA ST , QUINCY , IL","7","12","2015",-91.402254,39.901582
"ADAMS ","839 S 12TH , QUINCY , IL","8","7","2015",-91.396328,39.921888
"ADAMS ","716  MADISON , QUINCY , IL","8","5","2015",-91.404473,39.919718
"ADAMS ","3906  HALFPAP LANE , QUINCY , IL","10","5","2015",-91.319343,39.884334
"ADAMS ","437 N 9TH , QUINCY , IL","11","17","2015",-91.40176,39.936174
"ADAMS ","2137 EAST 253RD, URSA , IL","1","25","2010",-91.47311,40.079011
"ADAMS ","106 E MAPLE , URSA , IL","7","7","2015",-91.368082,40.074494
"ALEXANDER ","127 STATE RT 1 692 , ELCO , IL","3","3","2004",-88.166139,37.46818
"BOND ","1300 YELLOW ST , GREENVILLE , IL","6","1","2004",-89.395513,38.879405
"BOND ","759 COX MONUMENT RD , POCAHONTAS , IL","3","3","2004",-89.532055,38.855299
"BOND ","221 SAWMILL RD , POCAHONTAS , IL","8","16","2004",-89.567061,38.772962
"BOND ","610 MAIN N ST 12 , SORENTO , IL","3","29","2005",-89.57316,39.004768
"BUREAU ","14348 300 N AVE , BRADFORD , IL","3","18","2004",-90.385191,40.938877
"BUREAU ","2720 WYANET-WALNUT RD , BRADFORD , IL","3","18","2004",-89.582298,41.188464
"CALHOUN ","RR 1  BOX 19A , GOLDEN EAGLE , IL","7","2","2015",-90.189758,38.570854
"CARROLL ","814 MAIN ST , SAVANNA , IL","8","4","2005",-90.157381,42.09842
"CARROLL ","6039 IL ROUTE 84 , THOMPSON , IL","4","15","2005",-88.766799,37.920846
"CASS ","4182 GLENWOOD , ARENZVILLE , IL","7","31","2006",-90.503675,39.887166
"CHAMPAIGN ","1311 SUNSET DR , CHAMPAIGN , IL","1","21","2004",-88.24338,40.11642
"CHAMPAIGN ","2102 NORTH PROSPECT , CHAMPAIGN , IL","7","17","2007",-88.21283,40.31948
"CHAMPAIGN ","2610 NORTH PROSPECT , CHAMPAIGN , IL","8","20","2007",-88.21283,40.31948
"CHAMPAIGN ","303 MAIN W , OGDEN , IL","2","26","2004",-87.968603,40.192634
"CHAMPAIGN ","1109 EASTVIEW DR , RANTOUL , IL","1","7","2004",-88.141017,40.318311
"CHAMPAIGN ","1316 CYPRESS LN , RANTOUL , IL","7","28","2004",-88.140355,40.305982
"CHAMPAIGN ","1509 HOBSON DR 11 , RANTOUL , IL","10","31","2005",-88.132895,40.324478
"CHAMPAIGN ","506 MEYER , THOMASBORO , IL","8","23","2006",-88.189398,40.245378
"CHAMPAIGN ","1488 COUNTY ROAD 800N , TOLONO , IL","2","11","2004",-88.183974,39.996357
"CHAMPAIGN ","203 CRYSTAL LAKE DR , URBANA , IL","5","18","2004",-88.206415,40.118766
"CHAMPAIGN ","819 OAKLAND AVENUE , URBANA , IL","11","22","2006",-88.199815,40.123738
"CHRISTIAN ","201 MOHAWK ST , MORRISONVILLE , IL","3","30","2004",-89.457019,39.422419
"CHRISTIAN ","805 SIXTH SE ST , MORRISONVILLE , IL","5","17","2005",-89.454552,39.419311
"CHRISTIAN ","817 1ST E ST , PAMA , IL","2","26","2004",-89.25037,40.00032
"CHRISTIAN ","808 1ST E ST , PANA , IL","10","17","2004",-89.071931,39.388602
"CHRISTIAN ","402 CLARK S ST , PANA , IL","4","4","2006",-89.089488,39.386382
"CHRISTIAN ","650 N 2500 E ROAD , PANA , IL","9","7","2006",-89.063478,39.443016
"CHRISTIAN ","830 SOUTH HICKORY STREET , PANA , IL","10","10","2006",-89.072192,39.379922
"CHRISTIAN ","9 ELIZABETH CIRCLE , PANA , IL","11","6","2006",-89.034572,39.380738
"CHRISTIAN ","315 2ND ST , ROSAMOND , IL","4","9","2005",-89.159615,39.379562
"CHRISTIAN ","1398 600 EAST N RD , TAYLORVILLE , IL","3","31","2004",-89.423065,39.541368
"CHRISTIAN ","801 VANDEVEER W ST , TAYLORVILLE , IL","6","3","2004",-89.3034,39.545479
"CHRISTIAN ","1400 SPRESSER W ST 19 , TAYLORVILLE , IL","9","22","2004",-89.298741,39.552627
"CHRISTIAN ","1318 VANDAVEER W ST , TAYLORVILLE , IL","10","4","2004",-89.311454,39.545435
"CHRISTIAN ","908 EAST ADAMS STREET , TAYLORVILLE , IL","10","3","2006",-89.284622,39.546406
"CHRISTIAN ","723 E ESTHER , TAYLORVILLE , IL","7","10","2015",-89.287874,39.556166
"CLARK ","300 1STA NE ST 5 , CASEY , IL","3","22","2004",-87.991557,39.296628
"CLARK ","205 HARRISON E ST , CASEY , IL","4","3","2005",-87.990396,39.291739
"CLARK ","24800 EAST 2000TH ROAD , DENNISON , IL","8","18","2006",-87.556902,39.440586
"CLARK ","7 ELM S , MARTINSVILLE , IL","1","17","2004",-90.677909,39.619309
"CLARK ","207 WATER N ST , WEST UNION , IL","4","1","2004",-87.637921,39.1699
"CLARK ","112 BROADWAY (OLD YORK) , WEST UNION , IL","7","23","2004",-87.640555,39.170012
"CLAY ","1914  CALEB , BIBLE GROVE , IL","7","15","2015",-88.445768,38.867776
"CLAY ","236 a 3RD NE , CLAY CITY , IL","3","20","2004",-88.352615,38.693218
"CLAY ","112 1ST NW , CLAY CITY , IL","8","27","2004",-88.354239,38.69167
"CLAY ","112 FIRST NW ST , CLAY CITY , IL","9","15","2004",-88.28385,41.236464
"CLAY ","424 1ST N. W. N , CLAY CITY , IL","3","18","2005",-88.361378,38.691349
"CLAY ","119 SOUTH 6TH SW , CLAY CITY , IL","2","8","2006",-88.354295,38.684926
"CLAY ","5566 RIDGE RD , EDGEWOOD , IL","4","6","2004",-88.582244,38.905105
"CLAY ","221 2ND E 4 , FLORA , IL","6","8","2004",-88.484721,38.670213
"CLAY ","730 1/2 MAPLE W , FLORA , IL","7","21","2004",-88.485042,38.666726
"CLAY ","233 ADAMS ST , FLORA , IL","2","20","2005",-88.482789,38.65922
"CLAY ","16 WEST TRAGO LAKE DRIVE , FLORA , IL","1","4","2006",-90.738656,39.985841
"CLAY ","1053 WEST 5TH, FLORA , IL","5","25","2009",-88.501998,38.67166
"CLAY ","2854 INGRAHAM LANE , INGRAHAM , IL","5","3","2007",-88.328963,38.835907
"CLAY ","2727 VANDALIA RD , LOUISVILLE , IL","6","17","2004",-88.541697,38.775409
"CLAY ","3336 HICKORY HILL LANE , LOUISVILLE , IL","6","22","2006",-88.577346,38.709487
"CLAY ","410 PARK E ST , SAILOR SPRINGS , IL","10","25","2004",-88.364528,38.764289
"CLAY ","1956  BETHEL, XENIA , IL","2","17","2010",-88.601599,38.737966
"CLINTON ","275 BROOKSIDE AVENUE , CENTRALIA , IL","6","27","2007",-89.147796,38.526685
"CLINTON ","206 WALNUT E , NEW MEMPHIS , IL","4","5","2004",-89.695905,38.538253
"CLINTON ","15700  CRACKERNECK , TRENTON , IL","7","7","2015",-89.646126,38.65081
"CLINTON ","407 N JACKSON , TRENTON , IL","7","18","2015",-89.691372,38.610586
"COLES ","24 COURT LN , ASHMORE , IL","6","1","2005",-88.01253,39.528849
"COLES ","14257 COUNTY 600 NORTH E RD , CHARLESTON , IL","4","1","2004",-88.163026,39.460932
"COLES ","5795 COUNTY ROAD 1460 EAST N , CHARLESTON , IL","4","2","2004",-88.202074,39.45795
"COLES ","617 STATE W , CHARLESTON , IL","6","18","2004",-88.178973,39.495706
"COLES ","2450 LINCOLN HIGHWAY RD , CHARLESTON , IL","8","23","2004",-88.209069,39.410678
"COLES ","4125 COUNTY 2300 EAST N RD , CHARLESTON , IL","3","7","2005",-87.983356,39.481076
"COLES ","711 POLK ST , CHARLESTON , IL","1","5","2006",-88.173856,39.488153
"COLES ","126 LOCUST W AVE , CHARLESTON , IL","2","23","2006",-88.182859,39.499892
"COLES ","238 ELM STREET , CHARLESTON , IL","12","22","2006",-88.187907,39.502125
"COLES ","207 WEST WALNUT STREET , HUMBOLDT , IL","4","21","2006",-88.322634,39.601655
"COLES ","2101 CHAMPAIGN 200 , MATTOON , IL","1","12","2004",-88.3802,39.486264
"COLES ","1817 NINTH S A-5 , MATTOON , IL","2","7","2004",-88.839072,41.109481
"COLES ","2021 LAFAYETTE 3 , MATTOON , IL","2","15","2004",-88.379922,39.479342
"COLES ","8608 COUNTY 200 EAST N RD , MATTOON , IL","3","5","2004",-88.434198,39.49899
"COLES ","205 MCFALL RD 232 , MATTOON , IL","4","24","2004",-88.326846,39.484987
"COLES ","4808 PARADISE RD , MATTOON , IL","5","11","2004",-88.382332,39.432332
"COLES ","805 33RD N ST , MATTOON , IL","8","26","2004",-88.397011,39.47399
"COLES ","1300 17TH S ST , MATTOON , IL","3","16","2005",-88.375177,39.470253
"COLES ","1517 GRANT ST , MATTOON , IL","1","3","2006",-88.373054,39.492012
"COLES ","2200 SOUTH 17TH STREET , MATTOON , IL","4","27","2006",-88.375645,39.461684
"COLES ","709 PIATT AVENUE , MATTOON , IL","4","27","2006",-88.361597,39.489991
"COLES ","2021 LAFEYETTE STREET , MATTOON , IL","5","30","2006",-88.379922,39.479342
"COLES ","2120 EAST LAFAYETTE STREET , MATTOON , IL","5","30","2006",-88.380454,39.480009
"COLES ","2904 MARION , MATTOON , IL","6","19","2006",-88.391115,39.476938
"COLES ","313 WOODLAWN , MATTOON , IL","11","30","2006",-88.359066,39.466571
"COLES ","1313 LAKE LAND , MATTOON , IL","2","24","2008",-88.427114,39.410595
"COLES ","4246  LAKE ROAD, MATTOON , IL","6","25","2009",-88.420825,39.437343
"COOK ","14  E MAIN STREET  , GLENWOOD , IL","2","19","2010",-87.611437,41.543619
"COOK ","6824 WEST AVENUE , HANOVER PARK , IL","6","2","2006",-88.159423,41.995879
"COOK ","2255 173RD W ST 213 , LANSING , IL","11","5","2004",-87.56177,41.580979
"COOK ","38  HEMLOCK, PARK FOREST , IL","8","15","2010",-87.677136,41.479461
"COOK ","1515 MANNHEIM N RD 8 , STONE PARK , IL","3","25","2004",-87.883624,41.899111
"CRAWFORD ","2681 1315 N ST , FLAT ROCK , IL","11","22","2004",-88.001091,38.515376
"CRAWFORD ","2681 1315 N ST , FLAT ROCK , IL","8","30","2005",-88.001091,38.515376
"CRAWFORD ","405 MAIN N ST , HUTSONVILLE , IL","7","23","2004",-87.659523,39.115121
"CRAWFORD ","15501 1600 E AVE , HUTSONVILLE , IL","3","18","2005",-88.169533,38.981567
"CRAWFORD ","21118 NORTH 475TH STREET , MARTINSVILLE , IL","10","10","2006",-87.859931,39.161022
"CRAWFORD ","21118 NORTH 475TH STREET , MARTINSVILLE , IL","4","19","2007",-87.859931,39.161022
"CRAWFORD ","405 KENTUCKY E , OBLONG , IL","11","18","2004",-87.905816,38.999136
"CRAWFORD ","6835 NORTH 150TH STREET , OBLONG , IL","2","6","2007",-87.917429,38.9506
"CRAWFORD ","5234 EAST 825TH AVENUE , OBLONG , IL","9","2","2007",-87.926937,38.971492
"CRAWFORD ","20997 NORTH 100 E, OBLONG , IL","6","26","2009",-87.931348,39.158801
"CRAWFORD ","9673 1710 N ST , PALESTINE , IL","6","12","2005",-88.001091,38.515376
"CRAWFORD ","16313 950 E AVE , PALESTINE , IL","12","29","2005",-88.169533,38.981567
"CRAWFORD ","412 PIKE S ST E , PALESTINE , IL","12","29","2005",-87.604191,39.000528
"CRAWFORD ","5063 1300TH N ST , ROBINSON , IL","6","27","2005",-87.703404,38.927086
"CRAWFORD ","203 SOUTH JEFFERSON, ROBINSON , IL","2","16","2010",-87.738278,39.004925
"CUMBERLAND ","1073 ILLINOIS ROUTE 130 N , GREENUP , IL","5","18","2004",-88.135374,39.328109
"CUMBERLAND ","1540 IL. STATE HWY 121 , GREENUP , IL","1","29","2005",-88.187194,39.256855
"CUMBERLAND ","1101 CUMBERLAND ST , JEWETT , IL","2","25","2004",-88.245459,39.207893
"CUMBERLAND ","304 OHIO S , TOLEDO , IL","3","10","2004",-88.241976,39.270549
"CUMBERLAND ","766 500 E , TOLEDO , IL","8","12","2004",-88.37795,39.251004
"CUMBERLAND ","209A EAST WASHINGTON STREET , TOLEDO , IL","1","3","2006",-88.244993,39.373825
"CUMBERLAND ","760 NORTH COUNTY ROAD 500 E , TOLEDO , IL","2","9","2006",-88.378261,39.282666
"CUMBERLAND ","764 EAST COUNTY ROAD 500 ROAD , TOLEDO , IL","10","20","2006",-88.378267,39.283543
"DOUGLAS ","404 EAST MADISON STREET , ARCOLA , IL","6","5","2006",-88.303092,39.686492
"DuPage ","2631 WEST BEAU BIEN COURT , LISLE , IL","11","14","2006",-88.104394,41.798462
"EDGAR ","4628 NORTH 250TH, KANSAS , IL","1","6","2010",-87.916004,39.560012
"EDGAR ","1052  COOK , KANSAS , IL","4","3","2015",-87.935162,39.549328
"EDGAR ","9848 1800TH N ST , PARIS , IL","5","21","2004",-87.630602,39.617741
"EDGAR ","725 WEST END AVE , PARIS , IL","10","5","2004",-87.707602,39.619684
"EDGAR ","307 ARTHUR W ST , PARIS , IL","5","5","2005",-87.694922,39.594826
"EDGAR ","811 BROOM W ST , PARIS , IL","3","9","2006",-87.708256,39.61188
"EDGAR ","708 WASHINGTON W ST , PARIS , IL","3","23","2006",-87.70631,39.609808
"EDGAR ","304 1/2 CHESTNUT ST 1 , PARIS , IL","3","25","2006",-87.696328,39.614248
"EDGAR ","1011 NORTH CENTRAL STREET , PARIS , IL","4","26","2006",-87.696712,39.624372
"EDGAR ","803 SOUTH MARSHALL , PARIS , IL","5","25","2006",-87.693672,39.604401
"EDGAR ","3380 NORTH 2250TH STREET, PARIS , IL","5","4","2009",-87.545446,39.524166
"EDGAR ","311 NORTH HIGH, PARIS , IL","5","9","2009",-87.684638,39.614344
"EDGAR ","409 E MONROE , PARIS , IL","7","3","2015",-87.69026,39.60102
"EDWARDS ","232 CHERRY E , ALBION , IL","1","12","2004",-88.053883,38.375554
"EDWARDS ","525  300 , ALBION , IL","5","3","2015",-88.064182,38.328816
"EFFINGHAM ","411A NORTH THIRD STREET , ALTAMONT , IL","6","2","2006",-88.751021,39.064135
"EFFINGHAM ","4540 STATE RT. 40 , ALTAMONT , IL","11","27","2006",-88.719392,39.06407
"EFFINGHAM ","101 HENRIETTA S AVE 1 , EFFINGHAM , IL","2","18","2004",-88.54338,39.12004
"EFFINGHAM ","602 5TH S , EFFINGHAM , IL","2","19","2004",-88.54338,39.12004
"EFFINGHAM ","15202 MONOCOT N ST , EFFINGHAM , IL","4","14","2004",-88.54338,39.12004
"EFFINGHAM ","602 5TH S , EFFINGHAM , IL","5","4","2004",-88.54338,39.12004
"EFFINGHAM ","2611 CLAYBORNE CT , EFFINGHAM , IL","12","1","2004",-88.54338,39.12004
"EFFINGHAM ","1031 MAIN N ST , EFFINGHAM , IL","8","1","2005",-88.54338,39.12004
"EFFINGHAM ","708 GROVE E AVE , EFFINGHAM , IL","8","25","2005",-88.54338,39.12004
"EFFINGHAM ","708 GROVE E AVE , EFFINGHAM , IL","9","2","2005",-88.54338,39.12004
"EFFINGHAM ","13116 NORTH 1000TH, EFFINGHAM , IL","5","4","2009",-88.54338,39.12004
"EFFINGHAM ","1615 SOUTH BANKER, EFFINGHAM , IL","4","22","2010",-88.54338,39.12004
"EFFINGHAM ","94422 N 45 , EFFINGHAM , IL","7","9","2015",-88.54338,39.12004
"EFFINGHAM ","600 BLOCK W RICKELMAN STREET , EFFINGHAM , IL","7","13","2015",-88.54338,39.12004
"FAYETTE ","1750 NORTH COUNTY ROAD, BLUFF CITY , IL","6","9","2009",-89.096845,38.979901
"FAYETTE ","524 2ND N ST , VANDALIA , IL","2","2","2005",-89.091748,38.966243
"FAYETTE ","111 WILLOW N ST , VANDALIA , IL","2","14","2005",-89.101879,38.961924
"FORD ","218 ORLEANS E , PAXTON , IL","12","30","2004",-88.09532,40.46031
"FRANKLIN ","1210 FAIRLAND N ST , BENTON , IL","2","14","2004",-88.913046,38.008196
"FRANKLIN ","1106 LICKLITER STREET , BENTON , IL","6","9","2006",-88.917959,37.986181
"FRANKLIN ","1106 SOUTH LICKLITER, BENTON , IL","3","4","2010",-88.917959,37.986181
"FRANKLIN ","607 2ND E ST , BUCKNER , IL","2","11","2005",-89.01618,37.98311
"FRANKLIN ","504 CHURCH S ST , CHRISTOPHER , IL","9","14","2004",-89.05341,37.97255
"FRANKLIN ","7495  MAIN STREET , MULKEYTOWN , IL","3","6","2011",-89.11178,37.971083
"FRANKLIN ","2490 BRYANT ROAD , PLUMFIELD , IL","3","14","2007",-89.015138,37.898823
"FRANKLIN ","309 PECAN S ST , ROYALTON , IL","3","11","2004",-89.118947,37.881716
"FRANKLIN ","209 CLEVELAND STREET , ROYALTON , IL","3","28","2006",-89.106739,37.878245
"FRANKLIN ","107 MAIN W ST 110 , WEST CITY , IL","7","13","2004",-89.039591,38.025269
"FRANKLIN ","203 5TH W ST , WEST FRANKFORT , IL","8","2","2004",-88.929921,37.903079
"FRANKLIN ","411 HORN N ST , WEST FRANKFORT , IL","9","19","2004",-88.936498,37.901714
"FRANKLIN ","203 5TH W ST , WEST FRANKFORT , IL","1","7","2005",-88.929921,37.903079
"FRANKLIN ","510 CHERRY S ST , WEST FRANKFORT , IL","1","14","2005",-88.997643,37.856874
"FRANKLIN ","1603 WEST RD , WEST FRANKFORT , IL","3","13","2005",-88.942289,37.888534
"FRANKLIN ","1104 STATE HIGHWAY 37 , WEST FRANKFORT , IL","8","21","2006",-88.932737,37.878516
"FRANKLIN ","1305 EAST OAK, WEST FRANKFORT , IL","4","25","2009",-88.912672,37.897204
"FRANKLIN ","5406  LOGAN, WEST FRANKFORT , IL","6","4","2009",-88.845063,37.943857
"FRANKLIN ","1010 WEST MAIN, WEST FRANKFORT , IL","1","20","2010",-88.939779,37.897869
"FRANKLIN ","5163 PARK ST , ZEIGLER , IL","2","24","2004",-88.432837,37.815197
"FRANKLIN ","805 COXSPURS ST , ZEIGLER , IL","5","23","2005",-89.056875,37.906569
"FULTON ","206 1ST W , BRYANT , IL","10","13","2005",-90.101963,40.467262
"FULTON ","106 CHESTNUT E ST #3 , CANTON , IL","2","1","2004",7,1
"FULTON ","1048 7TH S AVE 74 , CANTON , IL","7","17","2004",-90.025011,40.54376
"FULTON ","244 PINE W ST , CANTON , IL","3","22","2005",-90.039576,40.554568
"FULTON ","370 NORTH MAIN, CANTON , IL","8","14","2010",-90.035173,40.560303
"GALLATIN ","510 POPLAR N RD , ELDORADO , IL","9","21","2004",-88.364921,37.861311
"GALLATIN ","427 MAIN S , OLD SHAWNEETOWN , IL","1","9","2004",-88.137003,37.694203
"GALLATIN ","855 POPLAR N ST , OLD SHAWNEETOWN , IL","4","21","2004",-88.138215,37.702986
"GALLATIN ","104 SHERMAN N ST 1 , RIDGWAY , IL","9","2","2004",-88.255735,37.799227
"GALLATIN ","410 ELM W ST , RIDGWAY , IL","10","2","2004",-88.258009,37.79443
"GALLATIN ","410 WEST ELM STREET , RIDGWAY , IL","5","14","2007",-88.26437,37.794528
"GALLATIN ","7535 RINGOLD RD , SHAWNEETOWN , IL","9","3","2004",-88.235341,37.680558
"GREENE ","1003  GREEN, GREENFIELD , IL","5","12","2009",-90.219138,39.347028
"GREENE ","RURAL ROUTE 2 4 , ROCKBRIDGE , IL","5","1","2006",-90.20428,39.26921
"HAMILTON ","314 CHERRY E ST , MCLEANSBORO , IL","12","3","2005",-88.531955,38.091733
"HANCOCK ","1035 NORTH HWY 94/336, CARTHAGE , IL","1","23","2010",-91.120644,40.347326
"HANCOCK ","LEISURELAND TRAILER COURT LOT 17 , NIOTA , IL","3","10","2006",-91.229764,40.618393
"HARDIN ","127 ROGERTOWN W RD , ROSICLARE , IL","7","4","2004",-88.367563,37.470982
"HENDERSON ","958  4TH, LOMAX , IL","4","3","2009",-91.07292,40.67893
"HENRY ","23387 1200 E ST , GENESEO , IL","6","20","2004",-90.175207,41.496908
"HENRY ","824 WILSON ST , KEWANEE , IL","10","31","2004",-89.935766,41.235734
"HENRY ","504 GROVE N ST , KEWANEE , IL","2","7","2005",-89.933195,41.248088
"HENRY ","801 ELM N ST , KEWANEE , IL","4","2","2005",-89.921954,41.251809
"HENRY ","912 TREMONT N ST , KEWANEE , IL","4","18","2005",-89.92594,41.252931
"HENRY ","815 15TH E ST , KEWANEE , IL","6","30","2005",-89.913771,41.261377
"HENRY ","316 WILSEY CT , KEWANEE , IL","8","28","2005",-89.928139,41.239097
"HENRY ","509 ROSS ST , KEWANEE , IL","2","7","2006",-89.934467,41.248549
"HENRY ","835 SIXTH W ST , KEWANEE , IL","2","22","2006",-89.914027,41.24901
"HENRY ","118 ROOSEVELT AVE , KEWANEE , IL","3","22","2006",-89.923957,41.23631
"HENRY ","1723 EAST 4TH STREET , KEWANEE , IL","4","18","2006",-89.900245,41.247157
"HENRY ","813 WEST SIXTH STREET , KEWANEE , IL","5","16","2006",-89.934485,41.249061
"HENRY ","835 WEST SIXTH STREET , KEWANEE , IL","6","12","2006",-89.934679,41.249056
"HENRY ","210 NORTH EAST STREET , KEWANEE , IL","6","21","2006",-89.915238,41.244509
"HENRY ","835 WEST SIXTH STREET , KEWANEE , IL","7","10","2006",-89.934679,41.249056
"HENRY ","835 WEST SIXTH STREET , KEWANEE , IL","11","28","2006",-89.934679,41.249056
"HENRY ","700  COMMERCIAL, KEWANEE , IL","5","8","2009",-89.934698,41.243145
"HENRY ","835 W 6TH , KEWANEE , IL","7","18","2015",-89.934679,41.249056
"IROQUOIS ","105 OLD MAIN E ST , MILFORD , IL","9","27","2005",-87.697709,40.623585
"IROQUOIS ","513 NORTH MARKET STREET , WATSEKA , IL","5","4","2006",-87.748631,40.783075
"IROQUOIS ","203 DONOVAN S ST , WELLINGTON , IL","1","3","2004",-87.680127,40.540128
"IROQUOIS ","477 2ND NORTH E ST 4A , WELLINGTON , IL","1","27","2004",-87.67649,40.541131
"JACKSON ","204 SOUTH MAIN STREET , CAMPBELL HILL , IL","3","7","2007",-89.54948,37.930032
"JACKSON ","1423 JULIANNE , CARBONDALE , IL","7","6","2007",-88.943029,37.721133
"JACKSON ","401  READY MIX , CARBONDALE , IL","4","8","2015",-89.224728,37.742022
"JACKSON ","501 S WASHINGTON , CARBONDALE , IL","8","4","2015",-89.214739,37.722725
"JACKSON ","211 CHERRY N , DE SOTO , IL","10","13","2004",-89.233128,37.817395
"JACKSON ","1684 CRANE RD , DE SOTO , IL","4","8","2005",-89.271976,37.814998
"JACKSON ","601 VOGEL , DOWELL , IL","12","7","2004",-89.241759,37.937497
"JACKSON ","2528 HALLIDAYBORO ROAD , ELKVILLE , IL","7","2","2006",-89.271236,37.885117
"JACKSON ","132 HALLIDAYBORO ROAD , ELKVILLE , IL","8","10","2006",-89.236982,37.889588
"JACKSON ","111 VAN BUREN , GORHAM , IL","2","20","2004",-89.482692,37.719968
"JACKSON ","300 21 ST , GRAND TOWER , IL","1","1","2004",-89.509364,37.642643
"JACKSON ","306 MAIN ST , GRAND TOWER , IL","2","18","2004",-89.500307,37.626571
"JACKSON ","1 THE PINE CREEK RD , MURPHYSBORO , IL","6","19","2004",-89.41447,37.829226
"JACKSON ","323  WELLS , MURPHYSBORO , IL","4","9","2015",-89.316934,37.760001
"JACKSON ","63 PITBULL LANE , POMONA , IL","9","18","2006",-89.369308,37.650115
"JEFFERSON ","  ABBOTT LANE , BELLE RIVE , IL","8","1","2015",-88.741163,38.143963
"JEFFERSON ","503 SOUTH W AVE , BLUFORD , IL","4","8","2004",-88.1598,38.087039
"JEFFERSON ","400 6TH , BLUFORD , IL","7","7","2004",-88.734551,38.324579
"JEFFERSON ","10825 BEAL E RD , DIX , IL","8","17","2005",-88.93756,38.44172
"JEFFERSON ","940  MILLER , DIX , IL","8","16","2015",-88.93756,38.44172
"JEFFERSON ","750 10TH S ST 126 , MOUNT VERNON , IL","1","23","2004",-88.904022,38.32465
"JEFFERSON ","100 44TH N ST 308 , MOUNT VERNON , IL","2","17","2004",-88.947231,38.31306
"JEFFERSON ","1300 WESTCOTT , MOUNT VERNON , IL","3","14","2004",-88.355237,39.461345
"JEFFERSON ","817 OLD FAIRFIELD RD , MOUNT VERNON , IL","3","31","2004",-88.835308,38.339064
"JEFFERSON ","203 9TH N ST , MOUNT VERNON , IL","4","1","2004",-88.902656,38.316954
"JEFFERSON ","1118 22ND ST , MOUNT VERNON , IL","4","12","2004",-88.916748,38.30451
"JEFFERSON ","1418 SALEM RD , MOUNT VERNON , IL","4","21","2004",-88.912576,38.332585
"JEFFERSON ","1319 SALEM RD , MOUNT VERNON , IL","6","9","2004",-88.911158,38.329968
"JEFFERSON ","120 44TH N ST , MOUNT VERNON , IL","6","11","2004",-88.947534,38.313461
"JEFFERSON ","800 MAIN ST , MOUNT VERNON , IL","6","16","2004",-88.900662,38.31791
"JEFFERSON ","904 SALEM RD 2C , MOUNT VERNON , IL","8","2","2004",-88.909948,38.327534
"JEFFERSON ","16584 IL HWY 37 N 66 , MOUNT VERNON , IL","9","13","2004",-88.925255,38.37873
"JEFFERSON ","1106 22ND S ST , MOUNT VERNON , IL","10","13","2004",-88.916752,38.304661
"JEFFERSON ","1612 PEEK ST , MOUNT VERNON , IL","10","19","2004",-88.886439,38.30068
"JEFFERSON ","10681 REDWOOD E RD , MOUNT VERNON , IL","10","31","2004",-88.949298,38.243024
"JEFFERSON ","620 17TH S ST , MOUNT VERNON , IL","12","30","2004",-88.910554,38.310792
"JEFFERSON ","913 21ST S ST , MOUNT VERNON , IL","3","18","2005",-88.915698,38.307052
"JEFFERSON ","2200 LOGAN ST , MOUNT VERNON , IL","5","17","2005",-88.917073,38.310994
"JEFFERSON ","517 21ST S ST , MOUNT VERNON , IL","5","23","2005",-88.915931,38.311802
"JEFFERSON ","1108 22ND S ST , MOUNT VERNON , IL","6","10","2005",-88.916751,38.304636
"JEFFERSON ","2111 CHERRY ST , MOUNT VERNON , IL","8","17","2005",-88.915964,38.311884
"JEFFERSON ","309 5TH N ST , MOUNT VERNON , IL","8","26","2005",-88.896375,38.3211
"JEFFERSON ","714 10TH N ST , MOUNT VERNON , IL","2","6","2006",-88.904033,38.324164
"JEFFERSON ","1004 SOUTH 24TH STREET , MOUNT VERNON , IL","8","2","2006",-88.919383,38.305923
"JEFFERSON ","110  DAVIDSON, MOUNT VERNON , IL","6","25","2009",-88.960183,38.312247
"JEFFERSON ","1221 S 23RD , MOUNT VERNON , IL","4","2","2015",-88.918117,38.302615
"JEFFERSON ","1200  BELL , MOUNT VERNON , IL","4","23","2015",-88.905975,38.305422
"JEFFERSON ","1108 S 22ND , MOUNT VERNON , IL","5","18","2015",-88.916751,38.304636
"JEFFERSON ","10000 N BLOCK TRITON LANE , MOUNT VERNON , IL","6","7","2015",-88.929565,38.271988
"JEFFERSON ","12,000 BLK E OAKTON ROAD , MOUNT VERNON , IL","6","9","2015",-88.92176,38.366378
"JEFFERSON ","7871 N MATISSE , MOUNT VERNON , IL","6","11","2015",-88.898036,38.242239
"JEFFERSON ","810 S 22ND , MOUNT VERNON , IL","8","5","2015",-88.9169,38.308452
"JEFFERSON ","1302  WESTCOT , MOUNT VERNON , IL","8","8","2015",-88.355237,39.461345
"JEFFERSON ","  BETHEL ROAD , MOUNT VERNON , IL","8","21","2015",-88.90236,38.280277
"JEFFERSON ","S. 3RD AND  HERBERT INTERSECT. , MOUNT VERNON , IL","8","14","2015",-88.918168,38.30597
"JEFFERSON ","34TH &  VETERAMS INTERSECT , MOUNT VERNON , IL","10","5","2015",NA,NA
"JEFFERSON ","12900 BLK N DARTMONTH LANE , MOUNT VERNON , IL","10","7","2015",-88.750028,37.986214
"JEFFERSON ","218  CASEY , MOUNT VERNON , IL","12","3","2015",-88.892364,38.314612
"JEFFERSON ","16TH AND  PERKINS INTERSECT. , MOUNT VERNON , IL","12","13","2015",-88.90446,38.307178
"JEFFERSON ","12112 LIGHTHOUSE N LN , OPDYKE , IL","5","21","2004",-88.799751,38.300292
"JEFFERSON ","18353 LIBERTY E RD , OPDYKE , IL","9","19","2004",-88.805999,38.303499
"JEFFERSON ","20320 MILLER LAKE N LN , TEXICO , IL","1","26","2004",-88.89701,38.43949
"JERSEY ","198 HAZELNUT DRIVE , GODFREY , IL","2","1","2007",-90.283474,38.93965
"JERSEY ","208 STATE S ST , JERSEYVILLE , IL","1","8","2006",-90.327917,39.120274
"JO DAVIESS ","107 WEST WEBSTER STREET , APPLE RIVER , IL","8","29","2006",-90.096238,42.505006
"JO DAVIESS ","422 WYOTA ST , EAST DUBUQUE , IL","1","27","2004",-90.644282,42.48882
"JO DAVIESS ","443 DESOTO , EAST DUBUQUE , IL","5","17","2004",-90.643275,42.489421
"JO DAVIESS ","483 MENOMINEE STREET , EAST DUBUQUE , IL","4","19","2007",-90.642273,42.489635
"JO DAVIESS ","483  MENOMINEE STREET  , EAST DUBUQUE , IL","2","17","2010",-90.642273,42.489635
"JO DAVIESS ","7376 UPMAN E RD , STOCKTON , IL","10","6","2005",-90.00679,42.34974
"JO DAVIESS ","307 PARK AVE. , WARREN , IL","4","25","2006",-89.992521,42.493682
"JO DAVIESS ","307 PARK AVENUE , WARREN , IL","4","25","2006",-89.992521,42.493682
"JOHNSON ","185 PROCTOR AVENUE , BUNCOMBE , IL","1","27","2006",-88.978819,37.471606
"JOHNSON ","7150 STATE RT. 37 N , GOREVILLE , IL","8","12","2005",-88.965848,37.530895
"JOHNSON ","108 NORTH FERNE CLYFFE ROAD , GOREVILLE , IL","1","10","2006",-88.979229,37.555437
"JOHNSON ","490 EAST MAIN STREET , NEW BURNSIDE , IL","12","5","2006",-88.772806,37.581032
"JOHNSON ","3690 OZARK RD , OZARK , IL","4","16","2004",-88.714691,37.531952
"JOHNSON ","246 OZARK RD , OZARK , IL","10","7","2004",-88.768564,37.541599
"JOHNSON ","76  MIDDLE , ROBBS , IL","7","6","2015",-88.756655,37.468177
"JOHNSON ","2925 REEVESVILLE RD , VIENNA , IL","1","12","2004",-88.772583,37.35608
"KANKAKEE ","254 JEFFERSON N AVE , BRADLEY , IL","5","16","2004",-87.846779,41.147331
"KANKAKEE ","203 PACIFIC W ST , ESSEX , IL","2","16","2006",-88.18561,41.17725
"KNOX ","300 NORTH JEFFERSON, ABINGDON , IL","4","10","2010",-90.396861,40.804279
"KNOX ","1582 KNOX E RD 870 , EAST GALESBURG , IL","2","11","2005",-90.442357,40.85891
"KNOX ","633 W MAIN , EAST GALESBURG , IL","7","25","2015",-90.324455,40.946964
"KNOX ","1901 RT 150 N 16 , GALESBURG , IL","1","10","2004",-90.448713,40.867082
"KNOX ","1056 LYMAN ST , GALESBURG , IL","1","16","2004",-90.395119,40.934698
"KNOX ","1056 LYMAN ST , GALESBURG , IL","3","8","2004",-90.395119,40.934698
"KNOX ","420 WEST N ST , GALESBURG , IL","6","12","2004",-89.939453,41.240657
"KNOX ","248 CHAMBERS N ST 1/2 , GALESBURG , IL","9","9","2004",-90.375038,40.937441
"KNOX ","261 PINE , GALESBURG , IL","9","26","2004",-90.35488,40.94435
"KNOX ","208 OHIO AVE , GALESBURG , IL","4","19","2005",-90.340378,40.945052
"KNOX ","663 NORTH E ST , GALESBURG , IL","9","17","2005",-90.654362,40.91813
"KNOX ","1022 ACADEMY S , GALESBURG , IL","3","2","2006",-90.376123,40.934739
"KNOX ","1397 HAYNOR ST , GALESBURG , IL","4","3","2006",-90.34846,40.944709
"KNOX ","1020 WASHINGTON AVENUE , GALESBURG , IL","11","8","2006",-90.35571,40.955943
"KNOX ","81 BLAINE AVENUE , GALESBURG , IL","11","22","2006",-90.35397,40.94839
"KNOX ","400 NORTH SEMINARY STREET , GALESBURG , IL","1","1","2007",-90.36457,40.95217
"KNOX ","565 MAIN W ST , GALESBURY , IL","4","24","2004",-90.355141,41.022051
"KNOX ","334 N CHAMBERS , GALESBURG , IL","5","9","2015",-90.36239,40.951356
"KNOX ","1595  MCKNIGHT , GALESBURG , IL","6","1","2015",-90.395134,40.944139
"KNOX ","29  PUBLIC , GALESBURG , IL","6","18","2015",-90.371091,40.947871
"KNOX ","996 N WILLARD , GALESBURG , IL","6","10","2015",-90.36134,40.959118
"KNOX ","567 S HENDERSON , GALESBURG , IL","7","7","2015",-90.383514,40.940393
"KNOX ","473 S CHAMBERS , GALESBURG , IL","7","20","2015",-90.362384,40.94159
"KNOX ","950 E GROVE , GALESBURG , IL","12","7","2015",-90.356456,40.953142
"KNOX ","1797  TRURO TURN, WILLIAMSFIELD , IL","2","13","2010",-90.09871,40.97625
"LA SALLE ","21118 NORTH 475TH STREET , MENDOTA , IL","11","15","2006",-89.074417,41.538744
"LAKE ","35 WOOD LAKE , GURNEE , IL","8","11","2006",-87.932698,42.358622
"LAKE ","810 BRAEMAN CT 10 , LIBERTYVILLE , IL","10","29","2005",-87.942552,42.259415
"LAWRENCE ","410 DUBOIS STREET , LAWRENCEVILLE , IL","9","8","2006",-87.674666,38.727647
"LAWRENCE ","603  LEXINGTON , LAWRENCEVILLE , IL","4","13","2015",-87.676977,38.727036
"LAWRENCE ","210 NORTH 6TH STREET , SAINT FRANCISVILLE , IL","1","10","2007",-87.645941,38.592366
"LAWRENCE ","411  DUBOIS , SUMNER , IL","6","12","2015",-87.862736,38.71358
"LOGAN ","2011 KICKAPOO N ST 225 , LINCOLN , IL","4","13","2004",-89.344563,40.16235
"LOGAN ","610 SHORT 8TH ST , LINCOLN , IL","5","23","2004",-89.377517,40.149726
"LOGAN ","218 LIMIT N ST , LINCOLN , IL","12","1","2004",-89.348737,40.139733
"MACON ","1621 EAST CLEVELAND STREET , DECATUR , IL","4","20","2006",-88.935233,39.831334
"MACON ","108 NORTH TIFFANY TERRACE, DECATUR , IL","5","7","2009",-88.913223,39.893273
"MACON ","1221 EAST MAIN, DECATUR , IL","5","7","2009",-88.940123,39.841694
"MACOUPIN ","22847 CHARITY CHURCH RD , CARLINVILLE , IL","4","11","2004",-89.957079,39.336682
"MACOUPIN ","18641 EVANS RD , CARLINVILLE , IL","12","3","2004",-89.804467,39.22625
"MACOUPIN ","110 E ELM , DORCHESTER , IL","5","4","2015",-89.819382,39.129868
"MACOUPIN ","204 W SPRUCE , DORCHESTER , IL","7","19","2015",-89.816451,39.125284
"MACOUPIN ","4369 WILHOIT AIRPORT RD , GILLESPIE , IL","10","14","2004",-89.834459,39.058822
"MACOUPIN ","30116 PROCTOR RD , GIRARD , IL","1","16","2004",-89.887526,39.435751
"MACOUPIN ","824 CENTER W A , GIRARD , IL","3","15","2004",-89.789226,39.446394
"MACOUPIN ","108 W MOUND , GIRARD , IL","6","10","2015",-89.777945,39.451276
"MACOUPIN ","112 N 3RD , GIRARD , IL","7","7","2015",-89.780604,39.452522
"MACOUPIN ","26386 WASHINGTON SCHOOL ROAD , HETTICK , IL","4","4","2006",-90.03705,39.35505
"MACOUPIN ","12864 ROSEDALE RD , MEDORA , IL","1","9","2004",-90.124446,39.180386
"MACOUPIN ","101 5TH NORTH E ST , MOUNT OLIVE , IL","7","2","2004",-89.727098,39.067324
"MACOUPIN ","109 WEST FIFTH STREET , MOUNT OLIVE , IL","4","11","2006",-89.7272,39.067397
"MACOUPIN ","10948 LEBRO LN , PLAINVIEW , IL","4","4","2004",-89.928064,39.156989
"MACOUPIN ","4958 MILE STATION RD , SHIPMAN , IL","3","3","2004",-90.056587,39.07115
"MACOUPIN ","970 N NOBLE , VIRDEN , IL","10","8","2015",-89.768771,39.511801
"MADISON ","5600  LOOP, DORSEY , IL","4","27","2009",-90.001081,38.991954
"MADISON ","5731  LOOP, DORSEY , IL","4","27","2009",-89.997479,38.995391
"MADISON ","46 MELODY LN , EAST ALTON , IL","5","24","2005",-90.082386,38.888152
"MADISON ","229  WHITELAW , EAST ALTON , IL","10","2","2015",-90.097802,38.877699
"MADISON ","1438 EBERHART , EDWARDSVILLE , IL","1","8","2004",-89.969967,38.819117
"MADISON ","215 SEMINOLE , EDWARDSVILLE , IL","2","11","2004",-89.941755,38.81463
"MADISON ","2900 SAND RD 33 , EDWARDSVILLE , IL","2","10","2006",-90.025936,38.762564
"MADISON ","512 BUCHANAN N ST , EDWARDSVILLE , IL","2","28","2006",-89.954311,38.817484
"MADISON ","125 SOUTH BUCHANAN , EDWARDSVILLE , IL","10","20","2011",-89.953114,38.811534
"MADISON ","4 SASSAFRAS ST , GLEN CARBON , IL","5","18","2005",-89.94379,38.76609
"MADISON ","5813 DOGWOOD LN , GODFREY , IL","8","13","2004",-90.258704,38.950902
"MADISON ","5813 DOGWOOD LANE , GODFREY , IL","4","8","2006",-90.258704,38.950902
"MADISON ","8013 GODFREY ROAD , GODFREY , IL","4","27","2007",-90.210637,38.985056
"MADISON ","8503  DAVIS, GODFREY , IL","6","18","2009",-90.225369,38.990716
"MADISON ","2301 23RD W ST , GRANITE CITY , IL","1","11","2004",-90.140503,38.704404
"MADISON ","2154 BENTON , GRANITE CITY , IL","2","23","2004",-90.14879,38.70558
"MADISON ","17 WILSON PARK DR , GRANITE CITY , IL","3","8","2004",-90.133612,38.721348
"MADISON ","1415 RHODES , GRANITE CITY , IL","3","25","2004",-90.141447,38.689021
"MADISON ","16 TRACY LN , GRANITE CITY , IL","4","3","2004",-90.087507,38.777441
"MADISON ","2410 BRYAN AVE , GRANITE CITY , IL","4","5","2004",-90.157531,38.7123
"MADISON ","3304 TERRACE LN , GRANITE CITY , IL","4","21","2004",-90.119035,38.723923
"MADISON ","2524 HODGES ST , GRANITE CITY , IL","4","26","2004",-90.129087,38.706629
"MADISON ","2805 SARATOGA , GRANITE CITY , IL","6","23","2004",-90.104616,38.711572
"MADISON ","3708 KIRKPATRIC , GRANITE CITY , IL","6","25","2004",-90.123042,38.706563
"MADISON ","1314 GRANITE AVE , GRANITE CITY , IL","7","19","2004",-90.145227,38.689673
"MADISON ","2332 MIRACLE DR , GRANITE CITY , IL","7","27","2004",-90.10678,38.736018
"MADISON ","2263 STATE ST , GRANITE CITY , IL","8","6","2004",-90.143299,38.705067
"MADISON ","1723 SPRUCE , GRANITE CITY , IL","8","22","2004",-90.165677,38.701936
"MADISON ","2123 BRYAN ST , GRANITE CITY , IL","8","30","2004",-90.157726,38.708373
"MADISON ","4306 KIRKPATRICK HMS , GRANITE CITY , IL","9","3","2004",-90.123141,38.706561
"MADISON ","3304 TERRACE LN , GRANITE CITY , IL","9","21","2004",-90.119035,38.723923
"MADISON ","2316 STATE ST , GRANITE CITY , IL","10","14","2004",-90.141872,38.7058
"MADISON ","1720 SPRUCE ST , GRANITE CITY , IL","12","10","2004",-90.165527,38.701893
"MADISON ","3055 CENTURY , GRANITE CITY , IL","2","6","2005",-90.13828,38.722081
"MADISON ","2118 DELMAR AVE A , GRANITE CITY , IL","2","10","2005",-90.147804,38.703681
"MADISON ","2149 CLEVELAND BLVD REAR , GRANITE CITY , IL","3","6","2005",-90.148187,38.704947
"MADISON ","4026 OLD ALTON RD , GRANITE CITY , IL","5","4","2005",-90.124145,38.733226
"MADISON ","2043 BENTON 8 , GRANITE CITY , IL","5","24","2005",-90.150922,38.703995
"MADISON ","4010 BRADEN AVE 25 , GRANITE CITY , IL","6","7","2005",-90.125235,38.732194
"MADISON ","1726 MAPLE ST , GRANITE CITY , IL","6","10","2005",-90.164375,38.702025
"MADISON ","2508 NAMEOKI RD , GRANITE CITY , IL","6","16","2005",-90.122273,38.706949
"MADISON ","1628 SYCAMORE ST , GRANITE CITY , IL","6","27","2005",-90.116402,38.738243
"MADISON ","5128 SHELIA DR , GRANITE CITY , IL","7","20","2005",-90.100554,38.756511
"MADISON ","4928 REDWOOD LN , GRANITE CITY , IL","8","27","2005",-90.106811,38.758117
"MADISON ","4139 MELROSE , GRANITE CITY , IL","9","6","2005",-90.127059,38.734548
"MADISON ","2013 GRAND , GRANITE CITY , IL","9","12","2005",-90.147248,38.700462
"MADISON ","5133 STACEY , GRANITE CITY , IL","9","13","2005",-90.101129,38.760076
"MADISON ","2800 24TH E ST , GRANITE CITY , IL","10","3","2005",-90.137248,38.703998
"MADISON ","1715 CHESTNUT ST , GRANITE CITY , IL","10","16","2005",-90.162203,38.701774
"MADISON ","2405 ANGELA DR , GRANITE CITY , IL","1","3","2006",-90.103784,38.737531
"MADISON ","5133 STACEY , GRANITE CITY , IL","1","7","2006",-90.101129,38.760076
"MADISON ","2832 DENVER ST , GRANITE CITY , IL","1","20","2006",-90.164625,38.70738
"MADISON ","4122 LAKE DR , GRANITE CITY , IL","1","24","2006",-90.075584,38.734985
"MADISON ","2457 DEWEY AVE , GRANITE CITY , IL","2","21","2006",-90.156534,38.713314
"MADISON ","2066 14TH ST , GRANITE CITY , IL","2","22","2006",-90.146017,38.690367
"MADISON ","2301 MISSOURI AVE , GRANITE CITY , IL","3","6","2006",-90.154204,38.711154
"MADISON ","3144 RODGER ST , GRANITE CITY , IL","3","8","2006",-90.115492,38.718853
"MADISON ","2606 NORTHBRIDGE , GRANITE CITY , IL","5","1","2006",-90.098853,38.712925
"MADISON ","4853 WARNOCK STREET , GRANITE CITY , IL","5","16","2006",-90.100109,38.745552
"MADISON ","2410 BRYAN AVENUE , GRANITE CITY , IL","5","24","2006",-90.157531,38.7123
"MADISON ","3120 CHAIN OF ROCKS ROAD , GRANITE CITY , IL","6","8","2006",-90.161827,38.756443
"MADISON ","4852 WARNOCK STREET , GRANITE CITY , IL","10","2","2006",-90.099959,38.745551
"MADISON ","4014  MARYLAND MANOR, GRANITE CITY , IL","4","7","2009",-90.112161,38.730846
"MADISON ","3120 WEST CHAIN OF ROCKS, GRANITE CITY , IL","5","26","2009",-90.107346,38.761876
"MADISON ","4909  WILLOW, GRANITE CITY , IL","4","8","2010",-90.107575,38.756693
"MADISON ","4909  WILLOW, GRANITE CITY , IL","4","8","2010",-90.107575,38.756693
"MADISON ","2809  LINCOLN, GRANITE CITY , IL","8","19","2010",-90.122172,38.703218
"MADISON ","1700 BLOCK  MAPLE, GRANITE CITY , IL","8","23","2010",-90.164448,38.701463
"MADISON ","1  LEWIS AND CLARK, HARTFORD , IL","5","2","2010",-90.099122,38.833569
"MADISON ","20 CENTRAL BLVD 306 , HEGHLAND , IL","10","20","2004",-89.25037,40.00032
"MADISON ","1704 CYPRESS , HIGHLAND , IL","4","22","2004",-89.6712,38.73949
"MADISON ","1509 PINE STREET , HIGHLAND , IL","6","9","2006",-89.6712,38.73949
"MADISON ","2024 COLLINSVILLE , MADISON , IL","1","10","2004",-90.145182,38.676137
"MADISON ","1022 ALTON , MADISON , IL","10","6","2004",-90.152242,38.686475
"MADISON ","1118 STATE , MADISON , IL","6","5","2005",-90.158189,38.687943
"MADISON ","1809 RHODES , MADISON , IL","7","22","2005",-90.150202,38.682969
"MADISON ","3939 PARK LN , MADISON , IL","1","11","2006",-90.082116,38.734036
"MADISON ","120 NORTH DEWEY STREET , MADISON , IL","8","4","2006",-87.717598,41.471139
"MADISON ","1100 GRAND AVENUE , MADISON , IL","8","11","2006",-90.157203,38.687723
"MADISON ","669 BARKLEY , MITCHELL , IL","5","16","2005",-90.080283,38.767616
"MADISON ","4140 POTOON RD A , PONTOON BEACH , IL","3","8","2004",-90.070203,38.730622
"MADISON ","3939 PARK , PONTOON BEACH , IL","5","19","2005",-90.082116,38.734036
"MADISON ","6 HARRISON ST , PONTOON BEACH , IL","9","8","2005",-90.070116,38.721332
"MADISON ","4060 OATMONT ST , PONTOON BEACH , IL","9","15","2005",-90.080384,38.731716
"MADISON ","78 MALLARD DR , PONTOON BEACH , IL","2","24","2006",-90.05791,38.730107
"MADISON ","200 INDIANA AVE , SOUTH ROXANA , IL","3","16","2004",-90.06288,38.82949
"MADISON ","3114 PRINCETON STREET , STATE PARK PLACE , IL","7","9","2006",-90.050446,38.659944
"MADISON ","2020 FORMOSA RD , TROY , IL","2","10","2004",-89.91507,38.732885
"MADISON ","516 LONE ROBIN ST , TROY , IL","9","9","2005",-89.892545,38.738159
"MADISON ","8555 STEELE LN , TROY , IL","3","20","2006",-89.869463,38.750873
"MADISON ","910 EDWARDSVILLE ROAD , TROY , IL","5","15","2007",-89.915646,38.732795
"MADISON ","610  WESLEY, WOOD RIVER , IL","4","16","2010",-90.059514,38.883949
"MADISON ","610  WESLEY, WOOD RIVER , IL","4","16","2010",-90.059514,38.883949
"MARION ","1905 MCCORD E SR , CENTRALIA , IL","3","7","2004",-89.100718,38.525266
"MARION ","2722 LAKE RD , CENTRALIA , IL","4","7","2004",-89.022873,38.514754
"MARION ","423 BEECH N ST , CENTRALIA , IL","5","6","2004",-89.141212,38.539287
"MARION ","1007 COLLEGE N AVE , CENTRALIA , IL","7","20","2004",-89.14013,38.539218
"MARION ","918 1/2 POPLAR N ST , CENTRALIA , IL","8","12","2004",-89.132837,38.527381
"MARION ","3780 STATE ROUTE 161 HWY , CENTRALIA , IL","8","14","2004",-88.971954,38.519628
"MARION ","600 10TH W ST , CENTRALIA , IL","9","17","2004",-89.133929,38.51678
"MARION ","trl # 12 D ANN DR , CENTRALIA , IL","6","22","2005",-96.27526,32.73596
"MARION ","1100 GRAGG E ST 15 , CENTRALIA , IL","9","12","2005",-89.119192,38.53818
"MARION ","21636 51 N HWY , CENTRALIA , IL","3","14","2006",-89.26399,38.519334
"MARION ","1409 SOUTH PINE STREET , CENTRALIA , IL","4","19","2006",-89.130295,38.510789
"MARION ","518 SOUTH POPLAR STREET , CENTRALIA , IL","5","12","2006",-89.389171,38.566983
"MARION ","428 S WALNUT , CENTRALIA , IL","4","13","2015",-89.139273,38.524207
"MARION ","122 N CHERRY , CENTRALIA , IL","5","6","2015",-89.140919,38.529186
"MARION ","100 BLOCK W GREEN STREET , CENTRALIA , IL","7","13","2015",-89.129452,38.547253
"MARION ","1411  FRAZIER , CENTRALIA , IL","8","18","2015",-89.119603,38.521397
"MARION ","GREENVIEW  & PINE ST INTERSECT. , CENTRALIA , IL","12","14","2015",-89.73816,40.0831
"MARION ","400 14TH E , GLENRIDGE , IL","3","9","2004",-89.25037,40.00032
"MARION ","411 FRONT N ST , IUKA , IL","2","19","2005",-88.789674,38.616264
"MARION ","7823 KING RD , KINMUNDY , IL","1","22","2004",-88.696586,38.761105
"MARION ","1416 FERRYDALE RD , ODIN , IL","6","18","2004",-89.075074,38.692183
"MARION ","1416 FERRYDALE ROAD , ODIN , IL","11","21","2006",-89.075074,38.692183
"MARION ","2641  NORTON , ODIN , IL","4","11","2015",-89.087113,38.569853
"MARION ","439 PRAIRIF VIEW DR , SALEM , IL","2","11","2004",-88.966792,38.630619
"MARION ","510 BOONE W ST , SALEM , IL","2","11","2004",-88.969195,38.635501
"MARION ","523 CASTLE S AVE , SALEM , IL","4","7","2004",-88.951677,38.623873
"MARION ","10 NANCY LN , SALEM , IL","4","23","2004",-88.938727,38.577703
"MARION ","728 WHITTAKER W ST , SALEM , IL","4","26","2004",-88.952085,38.623161
"MARION ","633 BOONE E ST , SALEM , IL","4","28","2004",-88.969195,38.635501
"MARION ","3128 MCCOY RD , SALEM , IL","6","3","2004",-88.997807,38.606924
"MARION ","5219 US HWY 50 HWY , SALEM , IL","8","12","2004",-88.900922,38.628214
"MARION ","2833 STATE ROUTE 37 SOUTH HWY , SALEM , IL","8","20","2004",-88.940235,38.577345
"MARION ","215 WESTPORT DR , SALEM , IL","3","3","2005",-88.970267,38.631387
"MARION ","3167 MCCOY RD , SALEM , IL","6","14","2005",-88.996767,38.606934
"MARION ","326 WARMOTH , SALEM , IL","9","3","2005",-88.948301,38.631111
"MARION ","3128 MCCOY ROAD , SALEM , IL","4","27","2006",-88.997807,38.606924
"MARION ","1440 NORTH TRENARY STREET , SALEM , IL","6","11","2007",-88.936653,38.638838
"MARION ","307 E MITCHELL , SALEM , IL","11","13","2015",-88.943607,38.622793
"MARION ","79 RUBY RD , SANDOVAL , IL","7","6","2005",-89.135649,38.692521
"MARION ","79 RUBY ROAD , SANDOVAL , IL","1","17","2006",-89.135649,38.692521
"MARION ","211 EAST PERRY STREET , SANDOVAL , IL","1","20","2007",-89.118127,38.614832
"MARION ","859  RANGE, SANDOVAL , IL","5","3","2009",-89.102728,38.634678
"MARION ","335  OLD US HWY 51, SANDOVAL , IL","5","4","2009",-89.115394,38.609406
"MARION ","211 LAIR E ST , VERNON , IL","2","11","2004",-89.08931,38.801513
"MARION ","216 \"B\" N ST , VERNON , IL","2","11","2004",-89.085327,38.802836
"MARION ","219 EAST BROADWAY STREET , VERNON , IL","6","14","2006",-89.085023,38.802558
"MARION ","23878 JEFFERSON W ST , WALNUT HILL , IL","4","12","2004",-89.042684,38.476683
"MARION ","317 FRAIZER STREET , WAMAC , IL","4","15","2006",-89.143215,38.496984
"MASON ","66  EDGEWOOD , FOREST CITY , IL","7","17","2015",-89.811993,40.390382
"MASON ","16023 E MANITO , HAVANA , IL","10","7","2015",-90.055817,40.319558
"MASON ","85  MAPLE, MANITO , IL","5","15","2009",-89.845464,40.432823
"MASON ","505 MASON S ST , MASON CITY , IL","5","5","2004",-89.694793,40.197927
"MASON ","21926 HICKORY STREET , TOPEKA , IL","5","23","2006",-89.941076,40.394957
"MASSAC ","2155 EAST 5 TH, METROPOLIS , IL","5","11","2011",-88.715177,37.144921
"MASSAC ","1200  BARGER , METROPOLIS , IL","4","12","2015",-88.716033,37.152422
"MASSAC ","4180  CRESTWOOD , METROPOLIS , IL","5","1","2015",-88.626239,37.225558
"MASSAC ","815 E 10TH , METROPOLIS , IL","5","19","2015",-88.720559,37.151441
"MASSAC ","2400  NORTH , METROPOLIS , IL","7","7","2015",-88.729277,37.168317
"MCDONOUGH ","825  WASHINGTON , BUSHNELL , IL","12","8","2015",-90.510974,40.558025
"MCDONOUGH ","460 LABRADOR RD , COLCHESTER , IL","12","16","2004",-90.856585,40.356463
"MCDONOUGH ","9240 250TH N RD , COLCHESTER , IL","12","29","2004",-90.857891,40.45919
"MCDONOUGH ","304  DEBBIE, COLCHESTER , IL","4","14","2010",-90.785137,40.425028
"MCDONOUGH ","518 N JOHNSON , MACOMB , IL","5","6","2015",-90.6718,40.45921
"MCDONOUGH ","113011 NORTH 1050TH, MACOMB , IL","1","31","2010",-90.6718,40.45921
"MCDONOUGH ","285  WACO ROAD , MACOMB , IL","8","3","2015",-90.6718,40.45921
"MCDONOUGH ","525 EAST LIBERTY, PRAIRIE CITY , IL","4","22","2010",-90.459974,40.621775
"MCDONOUGH ","220 N REED , PRAIRIE CITY , IL","12","2","2015",-90.459052,40.621994
"MCHENRY ","11510 c ALGONQUIN RD , ALGONQUIN , IL","10","5","2004",-88.363986,42.175736
"MCHENRY ","11510 b ALLONQUIN RD D , HUNTLEY , IL","10","5","2004",-88.427263,42.178373
"MCLEAN ","301 LOCUST E ST 1 , BLOOMINGTON , IL","1","6","2006",-88.991047,40.484584
"MCLEAN ","205 SOUTH GREEN , CHENOA , IL","4","29","2006",-88.720183,40.746698
"MENARD ","301 W MONROE , ATHENS , IL","11","4","2015",-89.727764,39.962036
"MERCER ","208 N MAIN STREET , ALEXIS , IL","6","20","2015",-90.55597,41.06337
"MERCER ","508 S 11TH , KEITHSBURG , IL","12","7","2015",-90.935747,41.096386
"MONROE ","536 MAIN S ST 1 , COLUMBIA , IL","5","18","2004",-90.203715,38.446982
"MONROE ","705 BB ROAD , COLUMBIA , IL","3","30","2006",-90.248454,38.483578
"MONROE ","705 BB ROAD , COLUMBIA , IL","7","27","2006",-90.248454,38.483578
"MONROE ","722 SOUTH RAPP STREET , COLUMBIA , IL","8","9","2006",-90.193058,38.439217
"MONROE ","1100 COLUMBIA CENTER , COLUMBIA , IL","6","20","2008",-90.219973,38.445479
"MONROE ","103 ROOSEVELT DR D , WATERLOO , IL","2","7","2004",-90.136924,38.342612
"MONTGOMERY ","15046 ILLINOIS ROUTE 127 , BUTLER , IL","3","29","2007",-89.539461,39.218813
"MONTGOMERY ","  34TH ST STREET , FARMERSVILLE , IL","7","2","2015",-88.904882,39.846949
"MONTGOMERY ","119 TRUESDALE , HILLSBORO , IL","10","20","2004",-89.493437,39.149586
"MONTGOMERY ","22 VANDALIA ST , HILLSBORO , IL","1","10","2005",-89.492136,39.137083
"MONTGOMERY ","215 MCCORDS TRAIL , IRVING , IL","8","18","2006",-89.443587,39.188095
"MONTGOMERY ","634 OLD QUARRY TRL , LITCHFIELD , IL","12","3","2004",-89.614324,39.166541
"MONTGOMERY ","115 WATER E ST , LITCHFIELD , IL","7","7","2005",-89.654804,39.168079
"MONTGOMERY ","847 MOZART N , LITCHFIELD , IL","9","28","2005",-89.65426,39.17533
"MONTGOMERY ","723 BROWN N ST , LITCHFIELD , IL","3","10","2006",-89.66224,39.179719
"MONTGOMERY ","835 CHESTNUT S ST , LITCHFIELD , IL","3","23","2006",-89.648382,39.169043
"MONTGOMERY ","505 E JONES , LITCHFIELD , IL","7","15","2015",-89.65081,39.167265
"MONTGOMERY ","1017 S MONTGOMERY , LITCHFIELD , IL","10","9","2015",-89.64715,39.16687
"MONTGOMERY ","709 ILLINOIS E ST , WITT , IL","4","8","2005",-89.337598,39.261094
"MONTGOMERY ","103 EAST OAK, WITT , IL","4","21","2009",-89.349373,39.246461
"MONTGOMERY ","214 NORTH FIRST, WITT , IL","6","15","2009",-89.350543,39.256084
"MORGAN ","918 INDEPENDENCE E , JACKSONVILLE , IL","6","9","2004",-90.22901,39.73394
"MORGAN ","518 EAST S ST 1 1 , JACKSONVILLE , IL","5","21","2005",-90.22901,39.73394
"MORGAN ","2140 MORTON E AVE , JACKSONVILLE , IL","7","7","2005",-90.22901,39.73394
"MORGAN ","635 NORTHEAST N ST , JACKSONVILLE , IL","1","1","2006",-90.22901,39.73394
"MORGAN ","2140 MORTON E AVE , JACKSONVILLE , IL","3","2","2006",-90.22901,39.73394
"MORGAN ","846 SOUTH EAST ST , JACKSONVILLE , IL","3","3","2006",-90.22901,39.73394
"MORGAN ","535 EAST VANDALIA STREET , JACKSONVILLE , IL","4","10","2006",-90.22901,39.73394
"MORGAN ","1418 SOUTH HARDIN STREET , JACKSONVILLE , IL","5","15","2006",-90.22901,39.73394
"MORGAN ","502 NORTH FAYETTE , JACKSONVILLE , IL","9","21","2006",-90.22901,39.73394
"MORGAN ","2140 EAST MORTON AVENUE , JACKSONVILLE , IL","11","25","2006",-90.22901,39.73394
"MORGAN ","350 EAST MORTON, JACKSONVILLE , IL","1","18","2010",-90.22901,39.73394
"MORGAN ","1207  MCGLASSON ROAD, JACKSONVILLE , IL","2","21","2010",-90.22901,39.73394
"MORGAN ","1111 EAST MORTON, JACKSONVILLE , IL","5","16","2011",-90.22901,39.73394
"MORGAN ","314 E DOUGLAS , JACKSONVILLE , IL","5","4","2015",-90.22901,39.73394
"MORGAN ","191 W MICHIGAN , JACKSONVILLE , IL","7","2","2015",-90.22901,39.73394
"MORGAN ","314 E DOUGLAS , JACKSONVILLE , IL","7","17","2015",-90.22901,39.73394
"MORGAN ","1111 E MORTON , JACKSONVILLE , IL","8","4","2015",-90.22901,39.73394
"MORGAN ","358 E COURT , JACKSONVILLE , IL","8","4","2015",-90.22901,39.73394
"MORGAN ","415 UNION ST , MEREDOSIA , IL","5","12","2004",-90.560061,39.828975
"MORGAN ","322 PROSPECT S ST , WAVERLY , IL","2","23","2004",-89.95478,39.593804
"MORGAN ","419 S CURTISS , WAVERLY , IL","10","8","2015",-89.945441,39.58733
"MOULTRIE ","411 JACKSON W , SULLIVAN , IL","3","11","2004",-88.572933,39.600822
"MOULTRIE ","379 COUNTRY ROAD 1380 NORTH E , SULLIVAN , IL","6","7","2004",-88.464637,39.575128
"MOULTRIE ","109 FULLER S ST , SULLIVAN , IL","10","14","2005",-88.617724,39.598155
"MOULTRIE ","915 MCCLELLAN , SULLIVAN , IL","1","12","2006",-88.633539,39.588093
"PEORIA ","416 BIRD ST 302 , BARTONVILLE , IL","1","9","2006",-89.65752,40.643413
"PEORIA ","911  MCMULLEN , BARTONVILLE , IL","10","5","2015",-89.658182,40.662999
"PEORIA ","611 W MATTHEWS , CHILLICOTHE , IL","12","1","2015",-89.605505,40.857205
"PEORIA ","1311 MAYWOOD W , PEORIA , IL","3","10","2004",-89.612903,40.723035
"PEORIA ","412 MORGAN , PEORIA , IL","1","24","2005",-89.581097,40.698992
"PEORIA ","606 EVANS N , PEORIA , IL","3","4","2005",-89.581995,40.701614
"PEORIA ","601 ROMEO B. GARRET 2107 , PEORIA , IL","6","22","2005",-89.602272,40.693426
"PEORIA ","1516 PERRY NE , PEORIA , IL","8","23","2005",-89.576637,40.706423
"PEORIA ","1914 S STANLEY , PEORIA , IL","8","12","2015",-89.631641,40.66662
"PERRY ","477 TULIP ST , COULTERVILLE , IL","2","6","2004",-89.577772,38.146474
"PERRY ","7672 STATE ROUTE 154 RT 116 , DU QUOIN , IL","3","18","2004",-89.26518,38.082861
"PIKE ","615 S PEARL ST , GRIGGSVILLE , IL","5","2","2005",-90.728904,39.701802
"PIKE ","RR #1 32A , GRIGGSVILLE , IL","5","20","2005",70.18066,38.86537
"PULASKI ","4776 BOAZ S RD , GRAND CHAIN , IL","2","2","2005",-88.894635,37.250021
"RANDOLPH ","9214  STATE 154 ROUTE , BALDWIN , IL","10","2","2015",-89.799309,38.16901
"RANDOLPH ","10840 BOYD RD , COULTERVILLE , IL","4","30","2004",-89.628803,38.201164
"RANDOLPH ","103 E WABASH , PERCY , IL","6","4","2015",-89.617673,38.017511
"RANDOLPH ","303 MAIN W ST A , SPARTA , IL","5","6","2004",-89.705796,38.12351
"RANDOLPH ","7079 STATE ROUTE 14 RURAL ROUTE , SPARTA , IL","3","9","2006",-89.69645,38.126398
"RANDOLPH ","12371  MOFFAT , SPARTA , IL","10","20","2015",-89.647826,38.118102
"RANDOLPH ","910 EAST GREEN STREET , STEELEVILLE , IL","3","9","2006",-89.649778,38.009928
"RANDOLPH ","51 MINNIE N ST , TILDEN , IL","10","30","2004",-89.683988,38.219074
"RANDOLPH ","7950  PRESTON, WALSH , IL","6","3","2009",-89.84311,38.103807
"RICHLAND ","1532 NORTH SHELL, CALHOUN , IL","5","30","2009",-88.00357,38.626843
"RICHLAND ","2809 EAST LIBERTY LANE , DUNDAS , IL","4","23","2007",-88.167735,38.8396
"RICHLAND ","3402 NORTH GLENWOOD ROAD , NOBLE , IL","5","16","2006",-88.25744,38.693645
"RICHLAND ","208 WEST N , OLNEY , IL","1","16","2005",-88.094036,38.729652
"RICHLAND ","330 WALNUT N , OLNEY , IL","1","26","2005",-88.085193,38.732824
"RICHLAND ","1002 EAST CHESTNUT STREET , OLNEY , IL","3","15","2006",-88.073248,38.730006
"RICHLAND ","6724 EAST MONTCLARE STREET , OLNEY , IL","8","9","2006",-87.988671,38.706651
"RICHLAND ","6720 EAST ELBOW LANE , OLNEY , IL","11","29","2006",-87.988049,38.643875
"RICHLAND ","203 WEST NORTH AVENUE , OLNEY , IL","5","10","2007",-88.086118,38.726499
"RICHLAND ","4375 EAST KINCADE, OLNEY , IL","6","13","2009",-88.097231,38.76343
"RICHLAND ","220 S GRANT , OLNEY , IL","10","4","2015",-88.071994,38.729669
"RICHLAND ","720 E LAFAYETTE , OLNEY , IL","10","4","2015",-88.075409,38.723255
"RICHLAND ","515 N WASHINGTON , OLNEY , IL","10","10","2015",-88.074855,38.73541
"ROCK ISLAND ","916 35TH AVE , EAST MOLINE , IL","6","23","2004",-90.438695,41.497358
"ROCK ISLAND ","4108 4TH ST , EAST MOLINE , IL","10","17","2005",-90.452498,41.490901
"ROCK ISLAND ","205 21ST STREET , EAST MOLINE , IL","5","29","2006",-90.423176,41.532906
"ROCK ISLAND ","1020  51ST , EAST MOLINE , IL","7","3","2015",-90.440793,41.479235
"ROCK ISLAND ","211 EAST FOURTH STREET , MILAN , IL","9","15","2006",-90.564717,41.433009
"ROCK ISLAND ","2510 5TH AVE 1/2 , MOLINE , IL","4","2","2004",-90.534135,41.488516
"ROCK ISLAND ","3509 S SHORE , MOLINE , IL","5","4","2015",-90.488638,41.457967
"ROCK ISLAND ","4401 NORTH 214TH STREET , PORT BYRON , IL","5","4","2006",-90.327498,41.566167
"ROCK ISLAND ","2321  7TH , ROCK ISLAND , IL","7","22","2015",-88.202768,42.277732
"SALINE ","101 WILLOW LAKE RD , ELDORADO , IL","3","2","2005",-88.406013,37.793511
"SALINE ","1845 WOOLARD RD , ELDORADO , IL","6","4","2005",-88.497442,37.83648
"SALINE ","1109A  GARFIELD , ELDORADO , IL","4","4","2015",-88.455935,37.808695
"SALINE ","304 EAST MAIN STREET , GALATIA , IL","11","17","2006",-88.608592,37.840771
"SALINE ","130  DANNIE, HARCO , IL","4","6","2010",-88.675564,37.736456
"SALINE ","710 SOUTH COMMERCIAL, HARRISBURG , IL","8","9","2011",-88.535298,37.731108
"SALINE ","1 N MAIN , HARRISBURG , IL","4","13","2015",-88.540302,37.738368
"SALINE ","19  OAK, RALEIGH , IL","5","26","2009",-88.532,37.82699
"SALINE ","  OLD MASON ROAD , RALEIGH , IL","12","11","2015",-88.532,37.82699
"SANGAMON ","504 W NORTH , AUBURN , IL","10","4","2015",-89.74651,39.595743
"SANGAMON ","707 MULBURY E ST 6 , CHATHAM , IL","6","29","2005",-89.695567,39.675424
"SANGAMON ","2112 CINCINNATI E ST , GRANDVIEW , IL","3","25","2004",-89.624704,39.814367
"SANGAMON ","1687 NEW SALEM CHURCH RD , NEW BERLIN , IL","8","7","2004",-89.780583,39.774908
"SANGAMON ","1077 RRAYLOT E , SPAULDING , IL","4","27","2004",-87.895677,41.930616
"SANGAMON ","1315 1/2 RESERVOIR E ST , SPRINGFIELD , IL","2","9","2004",-89.643239,39.815228
"SANGAMON ","1620 MELROSE , SPRINGFIELD , IL","2","14","2004",-89.633323,39.775037
"SANGAMON ","3401 GAINES MILL RD , SPRINGFIELD , IL","3","19","2004",-89.679658,39.758317
"SANGAMON ","1516 SEVEN PINES RD 1 , SPRINGFIELD , IL","4","30","2004",-89.678715,39.760462
"SANGAMON ","7094 MECHANICSBURG E RD LOT 4 , SPRINGFIELD , IL","6","20","2004",-89.518547,39.802778
"SANGAMON ","1236 OAK LANE N RD 135 , SPRINGFIELD , IL","7","1","2004",-89.635286,39.689816
"SANGAMON ","423 ADELIA ST , SPRINGFIELD , IL","7","1","2004",-89.676581,39.798513
"SANGAMON ","1426 RESERVOIR E ST , SPRINGFIELD , IL","8","28","2004",-89.636158,39.815244
"SANGAMON ","48 ANCHOR RD , SPRINGFIELD , IL","9","24","2004",-89.589401,39.846856
"SANGAMON ","928 N DIRKSEN , SPRINGFIELD , IL","11","2","2015",-89.60554,39.811404
"SCHUYLER ","216 W LAFAYETTE , PLEASANT VIEW , IL","7","14","2015",-90.563764,40.120554
"SHELBY ","130 LOCUST E , COWDEN , IL","3","10","2006",-88.860657,39.250268
"SHELBY ","21296 LITZ RD , OCONEE , IL","10","19","2005",-89.153831,39.316204
"SHELBY ","RR1  BOX 138, OCONEE , IL","4","21","2009",-89.10758,39.2856
"SHELBY ","606 MORGAN N , SHELBYVILLE , IL","6","22","2004",-88.792328,39.411861
"SHELBY ","201 WASHINGTON S , SHELBYVILLE , IL","7","31","2004",-88.790688,39.407795
"SHELBY ","111 LONG N , SHELBYVILLE , IL","1","27","2005",-88.797393,39.407108
"SHELBY ","201 FRONT E ST , SIGEL , IL","3","10","2004",-88.496611,39.226842
"SHELBY ","201 FRONT W ST , SIGEL , IL","5","10","2005",-88.496611,39.226842
"SHELBY ","203 EAST CLEVELAND STREET , TOWER HILL , IL","8","23","2006",-88.957427,39.383979
"SHELBY ","1516 MAINE STREET , WINDSOR , IL","10","31","2006",-88.601132,39.43663
"SHELBY ","206  SYCAMORE , WINDSOR , IL","4","2","2015",-90.438423,41.200194
"ST. CLAIR ","1  RUSTY WIL, BELLEVILLE , IL","6","8","2009",-89.964528,38.503116
"ST. CLAIR ","112 WEST B, BELLEVILLE , IL","4","7","2010",-89.985687,38.515463
"ST. CLAIR ","607 EAST MCKINLEY, BELLEVILLE , IL","8","3","2010",-89.976622,38.506964
"ST. CLAIR ","446 SOUTH 7TH, CASEYVILLE , IL","4","22","2009",-90.035918,38.637991
"SAINT CLAIR ","8787  SASAK , CASEYVILLE , IL","7","19","2015",-90.043084,38.617717
"ST. CLAIR ","1300 NORTH MAIN, DUPO , IL","1","13","2010",-90.203998,38.533815
"ST. CLAIR ","1332 NORTH MAIN, DUPO , IL","1","13","2010",-90.203765,38.534221
"ST. CLAIR ","2336  MULLINS CREEK, DUPO , IL","3","2","2010",-90.149573,38.539166
"ST. CLAIR ","1300 NORTH MAIN, DUPO , IL","4","9","2010",-90.203998,38.533815
"ST. CLAIR ","800 BLOCK  ADAMS, DUPO , IL","4","11","2010",-90.04641,38.622295
"ST. CLAIR ","511  FALLINGSPRINGS, DUPO , IL","5","1","2010",-90.196254,38.543339
"ST. CLAIR ","1612  FALLING SPRINGS, DUPO , IL","5","20","2010",-90.187796,38.533634
"SAINT CLAIR ","108  WALLACE , DUPO , IL","7","1","2015",-90.212384,38.515066
"ST. CLAIR ","809  ADAMS, EAST CARONDELET , IL","6","26","2010",-90.209676,38.529253
"ST. CLAIR ","2546 NORTH 34TH, FAIRMONT CITY , IL","2","9","2010",-90.113158,38.643044
"ST. CLAIR ","2625  BELT, FAIRMONT CITY , IL","4","26","2010",-90.088686,38.649055
"ST. CLAIR ","2625  BELT, FAIRMONT CITY , IL","4","26","2010",-90.088686,38.649055
"ST. CLAIR ","1916 NORTH 89TH STREET , FAIRVIEW HEIGHTS , IL","4","28","2004",-90.048228,38.608161
"SAINT CLAIR ","9811 W 161 STATE RTE , FAIRVIEW HEIGHTS , IL","6","2","2015",-90.04744,38.593886
"St.Clair ","10 b ELM DR , BELLEVILLE , IL","1","13","2004",-89.960784,38.516329
"St.Clair ","30 21 S ST , BELLEVILLE , IL","6","29","2004",-89.980752,38.534484
"St.Clair ","610 C W ST , BELLEVILLE , IL","3","2","2005",-89.992283,38.516896
"St.Clair ","2913 MAIN W , BELLEVILLE , IL","7","6","2005",-88.447373,42.315233
"St.Clair ","1214 THIRD W ST , BELLEVILLE , IL","7","7","2005",-89.988373,38.524418
"St.Clair ","3704 CARLYLE ROAD , BELLEVILLE , IL","3","22","2006",-89.936568,38.5238
"St.Clair ","16 MARILYN , CASEYVILLE , IL","9","13","2004",-89.979985,38.641139
"St.Clair ","226 CENTER DR , CASEYVILLE , IL","7","27","2005",-90.018956,38.632628
"St.Clair ","32 WILLOW WOOD ESTATES , CASEYVILLE , IL","1","31","2006",-89.987598,38.63647
"St.Clair ","8823 STERLING PLACE , CASEYVILLE , IL","7","11","2006",-90.038765,38.624428
"St.Clair ","8011 LAKESIDE DRIVE , CASEYVILLE , IL","9","29","2006",-89.996058,38.641451
"St.Clair ","1500 BRICKHILL RD , CENTREVILLE , IL","5","18","2005",-89.115759,38.54257
"St.Clair ","7833 TRIPLE LAKES RD , EAST CARONDELET , IL","7","13","2005",-90.168489,38.508045
"St.Clair ","113 UNION HILL RD 2 , FAIRVIEW HEIGHTS , IL","3","13","2006",-90.003532,38.592163
"St.Clair ","91 DEERFIELD CT , FREEBURG , IL","10","6","2005",-89.916886,38.440065
"St.Clair ","15 CHARLES N ST , LENZBURG , IL","7","7","2005",-89.81895,38.287519
"St.Clair ","69 POWELL , O'FALLON , IL","10","19","2004",-89.949897,38.58385
"St.Clair ","609 PLANKWAY , SHILOH , IL","2","16","2006",-89.942348,38.551456
"St.Clair ","214 HICORY N ST , SMITHTON , IL","5","8","2005",-89.989669,38.410267
"St.Clair ","1128 42ND N ST , WASHINGTON PARK , IL","6","16","2005",-90.105401,38.621977
"STARK ","2720 WYANET-WALNUT RD , BRADFORD , IL","1","2","2004",-89.582298,41.188464
"STARK ","2720 WYANET & WALNUT RD , BRADFORD , IL","3","18","2004",NA,NA
"STEPHENSON ","1279 WEST LOGAN STREET , FREEPORT , IL","11","15","2006",-89.643679,42.291355
"STEPHENSON ","225 D AVENUE , FREEPORT , IL","1","5","2007",-89.649821,42.305293
"STEPHENSON ","116 N GREEN , FREEPORT , IL","8","18","2015",-89.627631,42.297109
"TAZEWELL ","102 WEBSTER , EAST PEORIA , IL","12","28","2004",-89.576844,40.633717
"TAZEWELL ","222 AVENUE D , EAST PEORIA , IL","8","30","2006",-89.523947,40.746142
"TAZEWELL ","113 SOUTH WESTERN , MINIER , IL","7","29","2006",-89.317528,40.433412
"TAZEWELL ","500 SOUTH 4TH STREET , MORTON , IL","8","10","2006",-89.459332,40.604959
"TAZEWELL ","1240 SOUTH MAIN STREET , MORTON , IL","8","20","2006",-89.471319,40.598588
"TAZEWELL ","750 N NEBRASKA , MORTON , IL","8","12","2015",-89.448335,40.618459
"TAZEWELL ","750 N NEBRASKA , MORTON , IL","8","13","2015",-89.448335,40.618459
"TAZEWELL ","1406 SHERIDAN 1 , PEKIN , IL","1","21","2004",-89.63151,40.582226
"TAZEWELL ","106 PARKVIEW CT 2 , PEKIN , IL","1","24","2004",-89.616391,40.567925
"TAZEWELL ","106 EDDS ST , PEKIN , IL","4","2","2004",-89.657409,40.557318
"TAZEWELL ","201 COOPER ST , PEKIN , IL","5","19","2004",-89.660897,40.55392
"TAZEWELL ","1401 HAZEL ST , PEKIN , IL","8","5","2004",-89.631253,40.547768
"TAZEWELL ","1406 HENRY ST B , PEKIN , IL","1","21","2005",-89.630791,40.555035
"TAZEWELL ","207 JANE ST , PEKIN , IL","7","14","2005",-89.647308,40.577421
"TAZEWELL ","1228 CATHERINE ST , PEKIN , IL","4","13","2006",-89.634221,40.571204
"TAZEWELL ","910 COURT , PEKIN , IL","1","25","2008",-89.638322,40.565928
"TAZEWELL ","13834  GLENMAR, PEKIN , IL","4","8","2009",-89.667365,40.527023
"TAZEWELL ","811 N 2ND , PEKIN , IL","12","4","2015",-89.647848,40.576453
"TAZEWELL ","516 JAMES ST , TREMONT , IL","3","14","2005",-89.489633,40.521352
"TAZEWELL ","505 VELMA ST , WASHINGTON , IL","8","15","2005",-89.467945,40.691047
"UNION ","3200 BALD KNOB CROSS RD , ALTO PASS , IL","8","5","2005",-89.361341,37.569144
"UNION ","240 BIG CREEK , ANNA , IL","12","22","2004",-89.195955,37.420008
"UNION ","1400  LIME KILN ROAD  , ANNA , IL","1","14","2010",-89.240015,37.463188
"UNION ","1935  BALCOM , ANNA , IL","6","9","2015",-89.201265,37.413902
"UNION ","112 CASPER , COBDEN , IL","1","22","2005",-89.248392,37.538273
"UNION ","55 CASS LA , COBDEN , IL","4","6","2005",-89.249459,37.543279
"UNION ","3250 KERR CANYON RD , COBDEN , IL","11","3","2005",-89.170986,37.5502
"UNION ","513 APPLE KNOCKER , COBDEN , IL","1","26","2008",-89.254853,37.526377
"UNION ","3115 SWEET POTATO ROAD , DONGOLA , IL","3","19","2007",-89.212369,37.349965
"UNION ","5950 SOUTH RT 3 ROUTE , JONESBORO , IL","10","26","2008",-89.389608,37.377958
"UNION ","1570 WEST AIRPORT ROAD  , JONESBORO , IL","4","26","2009",-89.288597,37.426373
"UNION ","1880 MT. OLIVE , PEEKS , IL","2","25","2005",-89.25037,40.00032
"VERMILION ","515 VERMILION N ST , ALLERTON , IL","10","26","2004",-87.936546,39.913613
"VERMILION ","28 DANVILLE , BELGIUM , IL","8","31","2006",-87.641469,40.063459
"VERMILION ","104 MEADOWS LN , CATLIN , IL","8","23","2005",-88.172238,40.30497
"VERMILION ","632 WINKLER RD , DANVILLE , IL","2","13","2004",-87.608479,40.093682
"VERMILION ","120 KENTUCKY ST , DANVILLE , IL","3","12","2004",-87.5998,40.128938
"VERMILION ","1800 PERRYSVILLE RD 5 , DANVILLE , IL","5","13","2004",-87.595199,40.10873
"VERMILION ","411 LYNCH DR 334 , DANVILLE , IL","10","19","2004",-87.548388,40.127507
"VERMILION ","18 CORRINE ST , DANVILLE , IL","11","2","2004",-87.620065,40.124148
"VERMILION ","1700 WILLIAMS W ST , DANVILLE , IL","11","8","2004",-87.596989,40.133549
"VERMILION ","31 GRIFFIN S , DANVILLE , IL","12","26","2004",-87.601974,40.128977
"VERMILION ","2011 HEGLER E LN 46 , DANVILLE , IL","2","2","2005",-87.629009,40.075749
"VERMILION ","923 MAIN E ST , DANVILLE , IL","2","8","2005",-87.610272,40.126997
"VERMILION ","7 CHESTNUT ST , DANVILLE , IL","3","26","2005",-87.693033,40.129029
"VERMILION ","3103 DAISY CT , DANVILLE , IL","5","18","2005",-87.573349,40.130774
"VERMILION ","514 MIKEL RD , DANVILLE , IL","5","27","2005",-87.663364,40.136504
"VERMILION ","55 MAPLEWOOD AVE , DANVILLE , IL","5","27","2005",-87.632713,40.077593
"VERMILION ","15 MORIN AVE , DANVILLE , IL","6","15","2005",-87.655685,40.136765
"VERMILION ","1831 PERRYSVILLE RD 64 , DANVILLE , IL","8","12","2005",-87.59515,40.108658
"VERMILION ","29 KENTUCKY , DANVILLE , IL","1","3","2006",-87.599675,40.130876
"VERMILION ","321 BENSYL , DANVILLE , IL","1","17","2006",-87.650239,40.123449
"VERMILION ","209 VANCE LANE , DANVILLE , IL","5","3","2006",-87.664904,40.131288
"VERMILION ","309 NORTH NORTH STREET , DANVILLE , IL","6","12","2006",-87.643329,40.136459
"VERMILION ","13623 GRAPE CREEK ROAD , DANVILLE , IL","6","21","2006",-87.60701,40.063835
"VERMILION ","12 CHAPEL LANE , DANVILLE , IL","8","3","2006",-87.692979,40.120579
"VERMILION ","8 NORTH STATE , DANVILLE , IL","11","9","2006",-87.595125,40.131332
"VERMILION ","3899 NORTH VERMILION STREET , DANVILLE , IL","2","22","2007",-87.629467,40.195352
"VERMILION ","806 PEACH STREET , DANVILLE , IL","6","14","2007",-87.613053,40.114847
"VERMILION ","  1900 EAST LIBERTY LANE, DANVILLE , IL","4","6","2009",-87.622849,40.175149
"VERMILION ","1202  PERRYSVILLE, DANVILLE , IL","4","26","2009",-87.606446,40.10926
"VERMILION ","529  MIKEL ROAD, DANVILLE , IL","6","10","2009",-87.662489,40.136651
"VERMILION ","1831  PERRYSVILLE, DANVILLE , IL","3","8","2010",-87.59515,40.108658
"VERMILION ","3811 NORTH VERMILION, DANVILLE , IL","1","10","2011",-87.629464,40.195135
"VERMILION ","1715 W WILLIAMS , DANVILLE , IL","7","9","2015",-87.654351,40.135867
"VERMILION ","819 N FRANKLIN , DANVILLE , IL","10","7","2015",-87.632819,40.13716
"VERMILION ","1319  SHERMAN , DANVILLE , IL","10","7","2015",-87.642093,40.146984
"VERMILION ","202 WASHINGTON E , FITHIAN , IL","7","12","2005",-87.872019,40.115149
"VERMILION ","405 WASHINGTON W 196 , FITHIAN , IL","7","21","2005",-87.87735,40.115089
"VERMILION ","5391 LINCOLN TRAIL E RD , FITHIAN , IL","2","27","2006",-87.836798,40.099954
"VERMILION ","217 13TH E ST , GEORGETOWN , IL","1","3","2004",-87.634711,39.986087
"VERMILION ","502 MAIN S , GEORGETOWN , IL","2","8","2004",-87.635564,39.970859
"VERMILION ","1307 GRACE ST , GEORGETOWN , IL","2","29","2004",-87.631394,39.986085
"VERMILION ","1310 HAWORTH , GEORGETOWN , IL","3","14","2005",-87.629105,39.986489
"VERMILION ","310 7TH W ST , GEORGETOWN , IL","4","6","2005",-87.6386,39.981004
"VERMILION ","219 10TH E ST , GEORGETOWN , IL","6","1","2005",-87.6346,39.983679
"VERMILION ","1107\ 2ND S AVE , HOOPESTON , IL","2","4","2004",-87.673313,40.456999
"VERMILION ","1950 200 NORTH E RD , HOOPESTON , IL","9","8","2004",-87.816783,40.516186
"VERMILION ","719 5TH S ST , HOOPESTON , IL","10","13","2004",-87.66365,40.461231
"VERMILION ","309 PENN W ST , HOOPESTON , IL","2","8","2005",-87.668299,40.466087
"VERMILION ","201 E WYMAN , HOOPESTON , IL","4","1","2015",-87.670189,40.474809
"VERMILION ","500 BLOCK W LINCOLN , HOOPESTON , IL","7","1","2015",-87.676999,40.463639
"VERMILION ","204 MAIN E ST , HOUSTON , IL","5","28","2004",-89.700723,38.124128
"VERMILION ","202 WASHINGTON ST , OAKWOOD , IL","4","6","2005",-88.069852,40.024801
"VERMILION ","11832 1725 NORTH E RD , OAKWOOD , IL","9","28","2005",-87.722509,40.120709
"VERMILION ","505 STATE N ST , RIDGE FARM , IL","2","15","2005",-87.65116,39.899892
"VERMILION ","620 E RD , ROSSVILLE , IL","4","8","2004",-87.840888,41.251863
"VERMILION ","3450 N  1090 E, ROSSVILLE , IL","3","21","2010",-87.739899,40.328719
"VERMILION ","107 WEST 13TH STREET , TILTON , IL","6","6","2006",-89.676266,38.208948
"VERMILION ","413 ATWOOD , TILTON , IL","9","1","2006",-87.640569,40.103009
"WABASH ","212 PERSIMMON S ST , BELLMONT , IL","4","25","2005",-87.91035,38.382627
"WABASH ","1210 E LN , MOUNT CARMEL , IL","2","20","2005",-88.369915,39.470945
"WABASH ","11794 960 E LN , MOUNT CARMEL , IL","2","22","2005",-88.371106,39.471926
"WABASH ","16240 1150 E RD , MOUNT CARMEL , IL","5","15","2005",-88.364288,39.467979
"WARREN ","1298  150TH, BERWICK , IL","4","7","2009",-90.53847,40.79921
"WARREN ","412 CHURCH , CAMERON , IL","6","1","2006",-90.517948,40.888175
"WARREN ","1523 140TH AVENUE , CAMERON , IL","12","2","2006",-90.495145,40.831113
"WARREN ","30 MCEWEN CT , MONMOUTH , IL","6","5","2005",-90.632911,40.902957
"WARREN ","411 FIFTH S ST , MONMOUTH , IL","9","28","2005",-90.642166,40.908252
"WARREN ","11TH ST @ LANDFILL ROAD , MONMOUTH , IL","3","20","2008",-90.63141,40.901406
"WARREN ","523 SOUTH 10 TH, MONMOUTH , IL","4","7","2009",-90.633273,40.906063
"WARREN ","1420 NORTH MAIN, MONMOUTH , IL","1","20","2010",-90.648045,40.925119
"WARREN ","923 WEST 4 TH, MONMOUTH , IL","2","23","2010",-90.658678,40.907692
"WASHINGTON ","436 OLIVE , RICHVIEW , IL","12","4","2004",-89.183969,38.376375
"WAYNE ","13 BROCK LN , FAIRFIELD , IL","6","29","2004",-88.343833,38.377825
"WAYNE ","lot 25 BALLARD TRAILER CT , FAIRFIELD , IL","7","15","2004",-89.050327,38.099883
"WAYNE ","1104 HAWKINS , FAIRFIELD , IL","11","12","2004",-88.363948,38.391493
"WAYNE ","401 SOUTHEAST 8TH STREET , FAIRFIELD , IL","8","23","2006",-88.352548,38.376386
"WAYNE ","2400 E COUNTY ROAD N RD 13 , MOUNT ERIE , IL","3","1","2005",-88.434776,39.432496
"WHITE ","2248 Co Rd 675 E , BURNT PRAIRIE , IL","12","7","2004",-88.248629,38.206044
"WHITE ","503 HILLSDALE DR , CARMI , IL","2","20","2004",-88.175356,38.09191
"WHITE ","300 DOTY , CARMI , IL","5","16","2004",-88.153072,38.091713
"WHITE ","407 RICE A , CARMI , IL","7","14","2004",-88.16155,38.085244
"WHITE ","404 1/2 WALNUT S , CARMI , IL","6","13","2005",-88.160001,38.090088
"WHITE ","310 SHIPLEY STREET A , CARMI , IL","4","28","2006",-88.166067,38.097512
"WHITE ","102 SECOND ST , CROSSVILLE , IL","2","10","2004",-88.063992,38.162429
"WHITE ","407 FIRST N SR , CROSSVILLE , IL","8","15","2004",-88.067278,38.163603
"WHITE ","2012 CR 2200N , CROSSVILLE , IL","9","19","2005",-88.009002,38.200795
"WHITE ","647 EAST 1700 NORTH , ENFIELD , IL","2","22","2007",-88.254033,38.126393
"WHITE ","131 SHERIDAN ST , MAUNIE , IL","3","27","2004",-88.045976,38.034761
"WHITE ","887 CHURCH N ST , MILL SHOALS , IL","3","24","2006",-88.343577,38.249113
"WHITE ","459 1140 COUNTY E RD , NEW HAVEN , IL","2","20","2004",-89.718074,39.668995
"WHITE ","670 EAST 500 NORTH ROAD , NORRIS , IL","3","14","2008",-90.35653,40.197967
"WHITE ","608 CO RD 950 E , NORRIS CITY , IL","12","3","2004",-88.199461,37.971885
"WHITE ","608 Co Rd 675 E , NORRIS CITY , IL","12","7","2004",-89.017722,38.492925
"WHITE ","108 WEST MAIN STREET , NORRIS CITY , IL","2","14","2006",-88.328961,37.980972
"WHITE ","108 WEST MAIN STREET , NORRIS CITY , IL","2","16","2006",-88.328961,37.980972
"WHITE ","236 2100 N RD , SPRINGERTON , IL","2","20","2004",-88.331328,38.100304
"WHITESIDE ","40 MEADOWBROOK DR , MORRISON , IL","8","20","2004",-89.968454,41.796057
"WILL ","2219.5 JEFFERSON W ST 235 , JOLIET , IL","11","25","2004",-88.170248,41.521845
"WILL ","1280 WEST NORMANTOWN ROAD , ROMEOVILLE , IL","7","5","2007",-88.09653,41.654218
"WILLIAMSON ","406 RAILROAD W ST , CAMBRIA , IL","9","18","2004",-89.122731,37.78334
"WILLIAMSON ","404 RICHART S , CAMBRIA , IL","10","4","2004",-89.122628,37.781403
"WILLIAMSON ","111 STABLE DR , CARTERVILLE , IL","1","16","2004",-89.101459,37.760911
"WILLIAMSON ","306 VANWICK STREET , CARTERVILLE , IL","2","27","2007",-89.0773,37.76005
"WILLIAMSON ","3402 WEST SYCAMORE, CARTERVILLE , IL","4","10","2009",-89.098662,37.774129
"WILLIAMSON ","207 NORTH HAMPTON, CARTERVILLE , IL","6","12","2009",-89.066449,37.76321
"WILLIAMSON ","14171 CANNAVILLE , CREAL SPRINGS , IL","1","26","2005",-88.8832,37.65602
"WILLIAMSON ","2780 HERRIN RD , HERRIN , IL","3","15","2004",-89.067563,37.811154
"WILLIAMSON ","508 5TH N , HERRIN , IL","7","18","2004",-89.016374,37.808941
"WILLIAMSON ","508 5TH N ST , HERRIN , IL","7","28","2004",-89.016374,37.808941
"WILLIAMSON ","1524 MADISON W ST , HERRIN , IL","11","28","2004",-89.042861,37.805384
"WILLIAMSON ","717 17TH N ST , HERRIN , IL","1","10","2006",-89.030142,37.796793
"WILLIAMSON ","1105 WEST MONROE STREET , HERRIN , IL","2","9","2006",-89.03876,37.804606
"WILLIAMSON ","812 SOUTH 10TH , HERRIN , IL","5","24","2006",-89.021843,37.795898
"WILLIAMSON ","1109 WEST CHERRY STREET , HERRIN , IL","2","14","2007",-89.038925,37.803888
"WILLIAMSON ","205 NORTH 11TH, HERRIN , IL","5","21","2009",-89.022912,37.804377
"WILLIAMSON ","201 SOUTH 14TH, HERRIN , IL","7","29","2010",-89.026485,37.802054
"WILLIAMSON ","909 FOLLIS AVE , JOHNSTON CITY , IL","2","17","2004",-88.929853,37.818974
"WILLIAMSON ","411 ADAMS I , JOHNSTON CITY , IL","3","11","2004",-88.925719,37.814965
"WILLIAMSON ","14161 BLINKLEY , JOHNSTON CITY , IL","5","24","2004",-88.961656,37.802518
"WILLIAMSON ","11394 IL STEEL RD , JOHNSTON CITY , IL","12","8","2004",-89.340578,37.896656
"WILLIAMSON ","839 5TH W , JOHNSTON CITY , IL","1","9","2005",-88.937936,37.81563
"WILLIAMSON ","12833 WILLOW POND LN , JOHNSTON CITY , IL","7","8","2005",-88.921718,37.80409
"WILLIAMSON ","200 BROADWAY E , JOHNSTON CITY , IL","2","20","2006",-88.882019,37.818543
"WILLIAMSON ","  WATER AVE. @ BROADWAY, JOHNSTON CITY , IL","5","28","2009",-88.882019,37.818543
"WILLIAMSON ","207  BENTON , JOHNSTON CITY , IL","8","3","2015",-88.929474,37.813559
"WILLIAMSON ","  WATER ST. @ 2ND ST. , JOHNSTON CITY , IL","8","14","2015",-88.284433,39.418894
"WILLIAMSON ","1006 DICKERSON E ST , MARION , IL","2","13","2004",-88.915366,37.73998
"WILLIAMSON ","1108 HENDERICKSON W , MARION , IL","3","17","2004",-88.937471,37.722302
"WILLIAMSON ","2100 MAIN W 351 , MARION , IL","4","4","2004",-88.892648,37.729898
"WILLIAMSON ","5341 WARDS MILL RD , MARION , IL","6","24","2004",-88.910485,37.661291
"WILLIAMSON ","21612 BUFFALO LICK RD , MARION , IL","6","29","2004",-88.766488,37.704445
"WILLIAMSON ","12420 RT 37 1 , MARION , IL","10","15","2004",-88.932646,37.776765
"WILLIAMSON ","106 FAIR N ST , MARION , IL","7","2","2005",-88.915646,37.730871
"WILLIAMSON ","12970 STATE ROUTE 37 N , MARION , IL","7","8","2005",-88.932612,37.784257
"WILLIAMSON ","709 BENTLEY S , MARION , IL","7","12","2005",-88.937876,37.734968
"WILLIAMSON ","3500 ROUTE 37 S , MARION , IL","10","15","2005",-88.953285,37.643145
"WILLIAMSON ","403 SOUTH CALUMET STREET , MARION , IL","5","8","2006",-88.920895,37.728675
"WILLIAMSON ","910 SOUTH VICKSBURG STREET , MARION , IL","3","27","2007",-88.936327,37.723172
"WILLIAMSON ","9990 DAY ROAD , MARION , IL","5","30","2007",-88.99335,37.614726
"WILLIAMSON ","2200 SOUTH COURT, MARION , IL","8","10","2011",-88.932728,37.713228
"WILLIAMSON ","1000  MADISON , MARION , IL","5","23","2015",-88.926046,37.72483
"WILLIAMSON ","914 N BENTLEY , MARION , IL","6","17","2015",-88.937923,37.738599
"WILLIAMSON ","1703  BEVERLY , MARION , IL","12","2","2015",-88.935729,37.746517
"WILLIAMSON ","13422 DWINA RD , PITTSBURG , IL","2","14","2004",-88.817591,37.790158
"WILLIAMSON ","12809 MCSPAREN N RD , PITTSBURG , IL","5","17","2005",-88.739259,37.781668
"WILLIAMSON ","104 LINCK RD 1A , SPILLERTOWN , IL","1","9","2005",-88.906185,37.759355
"WINNEBAGO ","601 EAST MAIN , DURAND , IL","7","7","2006",-89.323737,42.437245
"WINNEBAGO ","924  GLEN FOREST, MACHESNEY PARK , IL","8","15","2012",-89.029757,42.387731
"WINNEBAGO ","2954  LAPAY STREET  , ROCKFORD , IL","8","20","2012",-89.094,42.27113
"WINNEBAGO ","6924  RIVER , ROCKFORD , IL","7","14","2015",-89.094,42.27113
"WOODFORD ","1643 HIGH ST , SPRING BAY , IL","1","21","2004",-89.514183,40.827209
